B_BLNO,121,,,,8,8,8,8,8,8,8,8
B_PERD,121,,,,60,60,60,60,60,60,60,60
B_SMPL,121,,,,2880,2880,2880,2880,2880,2880,2880,2880
B_TYPE,121,,,,R,R,R,R,R,R,R,R
P_ITEM,121,,,,37VJ623-PI.PV,,37VD440-PC.PV,37VD440-PC.MV,37VD440-CUR.PV,,37VJ444-ZT01.PV,37VJ445-ZT02.PV
P_CMNT,121,,,,#4透平機自由側壓力,,#4透平機負壓,#4透平機負壓,#4透平機主馬達電流,,#4真空泵電機側振動,#4真空泵自由側振動
P_DPLO,121,,,,-100.0,,-100.0,0.0,0.0,,0.0,0.0
P_DPHI,121,,,,0.0,,100.0,100.0,100.0,,200.0,200.0
P_DPDP,121,,,,1,,1,1,1,,1,1
P_EUNT,121,,,,kPa,,kPa,%,%,,um,um
P_TYPE,121,,,,Analog,,Analog,Analog,Analog,,Analog,Analog
G_STAT,121,,,,Gather,Gather,Gather,Gather,Gather,Gather,Gather,Gather
G_DNUM,121,,,,2880,2880,2880,2880,2880,2880,2880,2880
D,121,2022-07-01,00:01:00,台北標準時間,-52.7,,-52.7,100.0,65.3,,12.3,3.1
D,121,2022-07-01,00:02:00,台北標準時間,-52.7,,-52.7,100.0,65.1,,12.2,3.3
D,121,2022-07-01,00:03:00,台北標準時間,-52.7,,-52.7,100.0,65.2,,12.3,3.4
D,121,2022-07-01,00:04:00,台北標準時間,-52.7,,-52.7,100.0,65.3,,12.3,3.3
D,121,2022-07-01,00:05:00,台北標準時間,-52.7,,-52.7,100.0,65.1,,12.2,2.7
D,121,2022-07-01,00:06:00,台北標準時間,-52.7,,-52.7,100.0,65.0,,12.3,2.8
D,121,2022-07-01,00:07:00,台北標準時間,-52.7,,-52.7,100.0,65.2,,12.2,3.3
D,121,2022-07-01,00:08:00,台北標準時間,-52.7,,-52.7,100.0,65.2,,12.2,3.3
D,121,2022-07-01,00:09:00,台北標準時間,-52.7,,-52.7,100.0,65.2,,12.2,2.8
D,121,2022-07-01,00:10:00,台北標準時間,-52.7,,-52.7,100.0,65.4,,12.2,3.4
D,121,2022-07-01,00:11:00,台北標準時間,-52.7,,-52.7,100.0,65.2,,12.2,3.4
D,121,2022-07-01,00:12:00,台北標準時間,-52.8,,-52.8,100.0,65.2,,12.2,3.3
D,121,2022-07-01,00:13:00,台北標準時間,-52.7,,-52.7,100.0,65.0,,12.3,3.4
D,121,2022-07-01,00:14:00,台北標準時間,-52.7,,-52.7,100.0,65.4,,12.3,3.2
D,121,2022-07-01,00:15:00,台北標準時間,-52.7,,-52.7,100.0,65.2,,12.3,3.3
D,121,2022-07-01,00:16:00,台北標準時間,-52.7,,-52.7,100.0,65.2,,12.3,3.4
D,121,2022-07-01,00:17:00,台北標準時間,-52.7,,-52.7,100.0,65.2,,12.2,3.4
D,121,2022-07-01,00:18:00,台北標準時間,-52.7,,-52.7,100.0,65.2,,12.2,3.3
D,121,2022-07-01,00:19:00,台北標準時間,-52.7,,-52.7,100.0,65.2,,12.2,3.0
D,121,2022-07-01,00:20:00,台北標準時間,-52.7,,-52.7,100.0,65.3,,12.3,3.4
D,121,2022-07-01,00:21:00,台北標準時間,-52.7,,-52.7,100.0,65.5,,12.2,3.2
D,121,2022-07-01,00:22:00,台北標準時間,-52.7,,-52.7,100.0,65.3,,12.2,3.0
D,121,2022-07-01,00:23:00,台北標準時間,-52.8,,-52.8,100.0,65.0,,12.3,2.9
D,121,2022-07-01,00:24:00,台北標準時間,-52.7,,-52.7,100.0,65.2,,12.3,3.2
D,121,2022-07-01,00:25:00,台北標準時間,-52.7,,-52.7,100.0,65.2,,12.2,3.1
D,121,2022-07-01,00:26:00,台北標準時間,-52.7,,-52.7,100.0,65.2,,12.3,3.2
D,121,2022-07-01,00:27:00,台北標準時間,-52.7,,-52.7,100.0,65.2,,12.3,3.4
D,121,2022-07-01,00:28:00,台北標準時間,-52.7,,-52.7,100.0,65.4,,12.3,3.0
D,121,2022-07-01,00:29:00,台北標準時間,-52.7,,-52.7,100.0,65.1,,12.2,3.1
D,121,2022-07-01,00:30:00,台北標準時間,-52.7,,-52.7,100.0,65.2,,12.3,3.1
D,121,2022-07-01,00:31:00,台北標準時間,-52.7,,-52.7,100.0,65.3,,12.2,2.9
D,121,2022-07-01,00:32:00,台北標準時間,-52.7,,-52.7,100.0,65.3,,12.2,3.2
D,121,2022-07-01,00:33:00,台北標準時間,-52.7,,-52.7,100.0,65.4,,12.2,3.3
D,121,2022-07-01,00:34:00,台北標準時間,-52.7,,-52.7,100.0,65.4,,12.2,3.2
D,121,2022-07-01,00:35:00,台北標準時間,-52.8,,-52.8,100.0,65.3,,12.3,3.3
D,121,2022-07-01,00:36:00,台北標準時間,-52.7,,-52.7,100.0,65.3,,12.3,3.0
D,121,2022-07-01,00:37:00,台北標準時間,-52.7,,-52.7,100.0,65.2,,12.3,3.2
D,121,2022-07-01,00:38:00,台北標準時間,-52.8,,-52.8,100.0,65.1,,12.3,3.3
D,121,2022-07-01,00:39:00,台北標準時間,-52.8,,-52.8,100.0,65.2,,12.2,2.7
D,121,2022-07-01,00:40:00,台北標準時間,-52.8,,-52.8,100.0,65.2,,12.2,3.3
D,121,2022-07-01,00:41:00,台北標準時間,-52.7,,-52.7,100.0,65.2,,12.2,3.2
D,121,2022-07-01,00:42:00,台北標準時間,-52.7,,-52.7,100.0,65.2,,12.2,3.0
D,121,2022-07-01,00:43:00,台北標準時間,-52.7,,-52.7,100.0,65.4,,12.2,3.3
D,121,2022-07-01,00:44:00,台北標準時間,-52.7,,-52.7,100.0,65.2,,12.2,3.4
D,121,2022-07-01,00:45:00,台北標準時間,-52.7,,-52.7,100.0,65.0,,12.2,3.0
D,121,2022-07-01,00:46:00,台北標準時間,-52.8,,-52.8,100.0,65.2,,12.2,3.2
D,121,2022-07-01,00:47:00,台北標準時間,-52.7,,-52.7,100.0,65.2,,12.2,3.2
D,121,2022-07-01,00:48:00,台北標準時間,-52.7,,-52.7,100.0,65.2,,12.2,3.2
D,121,2022-07-01,00:49:00,台北標準時間,-52.7,,-52.7,100.0,65.4,,12.2,3.3
D,121,2022-07-01,00:50:00,台北標準時間,-52.7,,-52.7,100.0,65.3,,12.2,3.2
D,121,2022-07-01,00:51:00,台北標準時間,-52.7,,-52.7,100.0,65.2,,12.2,3.3
D,121,2022-07-01,00:52:00,台北標準時間,-52.7,,-52.7,100.0,65.4,,12.2,3.3
D,121,2022-07-01,00:53:00,台北標準時間,-52.7,,-52.7,100.0,65.3,,12.2,3.2
D,121,2022-07-01,00:54:00,台北標準時間,-52.7,,-52.7,100.0,65.1,,12.2,3.2
D,121,2022-07-01,00:55:00,台北標準時間,-52.7,,-52.7,100.0,65.2,,12.2,3.3
D,121,2022-07-01,00:56:00,台北標準時間,-52.7,,-52.7,100.0,65.2,,12.2,3.1
D,121,2022-07-01,00:57:00,台北標準時間,-52.7,,-52.7,100.0,65.0,,12.2,3.2
D,121,2022-07-01,00:58:00,台北標準時間,-52.7,,-52.7,100.0,65.2,,12.2,3.3
D,121,2022-07-01,00:59:00,台北標準時間,-52.7,,-52.7,100.0,65.3,,12.2,3.3
D,121,2022-07-01,01:00:00,台北標準時間,-52.7,,-52.7,100.0,65.0,,12.2,3.1
D,121,2022-07-01,01:01:00,台北標準時間,-52.7,,-52.7,100.0,65.1,,12.2,3.2
D,121,2022-07-01,01:02:00,台北標準時間,-52.7,,-52.7,100.0,65.1,,12.2,3.3
D,121,2022-07-01,01:03:00,台北標準時間,-52.7,,-52.7,100.0,65.3,,12.2,3.3
D,121,2022-07-01,01:04:00,台北標準時間,-52.7,,-52.7,100.0,64.9,,12.2,3.2
D,121,2022-07-01,01:05:00,台北標準時間,-52.7,,-52.7,100.0,64.9,,12.2,3.2
D,121,2022-07-01,01:06:00,台北標準時間,-52.7,,-52.7,100.0,65.2,,12.2,3.2
D,121,2022-07-01,01:07:00,台北標準時間,-52.7,,-52.7,100.0,65.3,,12.2,3.2
D,121,2022-07-01,01:08:00,台北標準時間,-52.7,,-52.7,100.0,65.0,,12.2,3.4
D,121,2022-07-01,01:09:00,台北標準時間,-52.7,,-52.7,100.0,65.2,,12.2,3.1
D,121,2022-07-01,01:10:00,台北標準時間,-52.7,,-52.7,100.0,64.8,,12.2,3.0
D,121,2022-07-01,01:11:00,台北標準時間,-52.7,,-52.7,100.0,65.0,,12.2,3.2
D,121,2022-07-01,01:12:00,台北標準時間,-52.7,,-52.7,100.0,65.1,,12.2,3.2
D,121,2022-07-01,01:13:00,台北標準時間,-52.7,,-52.7,100.0,65.3,,12.2,3.3
D,121,2022-07-01,01:14:00,台北標準時間,-52.7,,-52.7,100.0,65.1,,12.2,3.2
D,121,2022-07-01,01:15:00,台北標準時間,-52.7,,-52.7,100.0,65.4,,12.2,3.3
D,121,2022-07-01,01:16:00,台北標準時間,-52.7,,-52.7,100.0,65.1,,12.2,3.4
D,121,2022-07-01,01:17:00,台北標準時間,-52.7,,-52.7,100.0,64.9,,12.2,3.1
D,121,2022-07-01,01:18:00,台北標準時間,-52.8,,-52.8,100.0,64.9,,12.2,3.3
D,121,2022-07-01,01:19:00,台北標準時間,-52.7,,-52.7,100.0,65.4,,12.2,3.3
D,121,2022-07-01,01:20:00,台北標準時間,-52.7,,-52.7,100.0,65.3,,12.2,3.1
D,121,2022-07-01,01:21:00,台北標準時間,-52.7,,-52.7,100.0,65.1,,12.2,3.3
D,121,2022-07-01,01:22:00,台北標準時間,-52.7,,-52.7,100.0,65.2,,12.2,3.1
D,121,2022-07-01,01:23:00,台北標準時間,-52.7,,-52.7,100.0,65.2,,12.2,3.2
D,121,2022-07-01,01:24:00,台北標準時間,-52.7,,-52.7,100.0,65.3,,12.2,2.9
D,121,2022-07-01,01:25:00,台北標準時間,-52.7,,-52.7,100.0,65.2,,12.2,3.3
D,121,2022-07-01,01:26:00,台北標準時間,-52.7,,-52.7,100.0,65.1,,12.2,3.4
D,121,2022-07-01,01:27:00,台北標準時間,-52.7,,-52.7,100.0,64.9,,12.2,3.0
D,121,2022-07-01,01:28:00,台北標準時間,-52.7,,-52.7,100.0,64.9,,12.2,3.3
D,121,2022-07-01,01:29:00,台北標準時間,-52.7,,-52.7,100.0,65.1,,12.2,3.1
D,121,2022-07-01,01:30:00,台北標準時間,-52.7,,-52.7,100.0,64.7,,12.2,3.3
D,121,2022-07-01,01:31:00,台北標準時間,-52.7,,-52.7,100.0,64.8,,12.2,3.0
D,121,2022-07-01,01:32:00,台北標準時間,-52.7,,-52.7,100.0,65.2,,12.2,3.2
D,121,2022-07-01,01:33:00,台北標準時間,-52.7,,-52.7,100.0,65.1,,12.2,3.0
D,121,2022-07-01,01:34:00,台北標準時間,-52.7,,-52.7,100.0,65.1,,12.2,3.4
D,121,2022-07-01,01:35:00,台北標準時間,-52.7,,-52.7,100.0,64.9,,12.2,3.1
D,121,2022-07-01,01:36:00,台北標準時間,-52.7,,-52.7,100.0,65.2,,12.2,2.9
D,121,2022-07-01,01:37:00,台北標準時間,-52.7,,-52.7,100.0,64.9,,12.2,3.4
D,121,2022-07-01,01:38:00,台北標準時間,-52.7,,-52.7,100.0,65.0,,12.2,3.3
D,121,2022-07-01,01:39:00,台北標準時間,-52.7,,-52.7,100.0,65.0,,12.2,3.0
D,121,2022-07-01,01:40:00,台北標準時間,-52.7,,-52.7,100.0,65.1,,12.2,3.3
D,121,2022-07-01,01:41:00,台北標準時間,-52.7,,-52.7,100.0,64.8,,12.2,3.3
D,121,2022-07-01,01:42:00,台北標準時間,-52.7,,-52.7,100.0,65.1,,12.2,3.1
D,121,2022-07-01,01:43:00,台北標準時間,-52.7,,-52.7,100.0,65.0,,12.2,3.1
D,121,2022-07-01,01:44:00,台北標準時間,-52.7,,-52.7,100.0,64.8,,12.2,3.4
D,121,2022-07-01,01:45:00,台北標準時間,-52.7,,-52.7,100.0,65.1,,12.2,3.1
D,121,2022-07-01,01:46:00,台北標準時間,-52.7,,-52.7,100.0,64.9,,12.2,3.4
D,121,2022-07-01,01:47:00,台北標準時間,-52.7,,-52.7,100.0,65.0,,12.2,3.3
D,121,2022-07-01,01:48:00,台北標準時間,-52.7,,-52.7,100.0,65.0,,12.2,3.0
D,121,2022-07-01,01:49:00,台北標準時間,-52.7,,-52.7,100.0,65.1,,12.2,3.1
D,121,2022-07-01,01:50:00,台北標準時間,-52.7,,-52.7,100.0,65.1,,12.2,3.4
D,121,2022-07-01,01:51:00,台北標準時間,-52.7,,-52.7,100.0,65.0,,12.2,3.4
D,121,2022-07-01,01:52:00,台北標準時間,-52.7,,-52.7,100.0,64.8,,12.2,3.1
D,121,2022-07-01,01:53:00,台北標準時間,-52.7,,-52.7,100.0,64.9,,12.2,2.9
D,121,2022-07-01,01:54:00,台北標準時間,-52.7,,-52.7,100.0,64.7,,12.2,3.1
D,121,2022-07-01,01:55:00,台北標準時間,-52.7,,-52.7,100.0,64.9,,12.2,3.0
D,121,2022-07-01,01:56:00,台北標準時間,-52.7,,-52.7,100.0,64.8,,12.2,3.0
D,121,2022-07-01,01:57:00,台北標準時間,-52.7,,-52.7,100.0,64.9,,12.2,3.4
D,121,2022-07-01,01:58:00,台北標準時間,-52.7,,-52.7,100.0,65.0,,12.2,3.4
D,121,2022-07-01,01:59:00,台北標準時間,-52.7,,-52.7,100.0,65.0,,12.2,3.1
D,121,2022-07-01,02:00:00,台北標準時間,-52.7,,-52.7,100.0,64.4,,12.2,3.3
D,121,2022-07-01,02:01:00,台北標準時間,-52.7,,-52.7,100.0,64.6,,12.2,3.1
D,121,2022-07-01,02:02:00,台北標準時間,-52.7,,-52.7,100.0,64.6,,12.2,3.3
D,121,2022-07-01,02:03:00,台北標準時間,-52.7,,-52.7,100.0,64.5,,12.2,3.3
D,121,2022-07-01,02:04:00,台北標準時間,-52.7,,-52.7,100.0,64.7,,12.2,3.4
D,121,2022-07-01,02:05:00,台北標準時間,-52.7,,-52.7,100.0,64.4,,12.2,3.3
D,121,2022-07-01,02:06:00,台北標準時間,-52.7,,-52.7,100.0,64.4,,12.2,3.3
D,121,2022-07-01,02:07:00,台北標準時間,-52.7,,-52.7,100.0,64.4,,12.2,3.3
D,121,2022-07-01,02:08:00,台北標準時間,-52.7,,-52.7,100.0,64.3,,12.2,3.4
D,121,2022-07-01,02:09:00,台北標準時間,-52.7,,-52.7,100.0,64.6,,12.2,3.4
D,121,2022-07-01,02:10:00,台北標準時間,-52.7,,-52.7,100.0,64.3,,12.2,3.4
D,121,2022-07-01,02:11:00,台北標準時間,-52.7,,-52.7,100.0,64.6,,12.2,3.4
D,121,2022-07-01,02:12:00,台北標準時間,-52.7,,-52.7,100.0,64.3,,12.2,3.3
D,121,2022-07-01,02:13:00,台北標準時間,-52.7,,-52.7,100.0,64.2,,12.2,3.3
D,121,2022-07-01,02:14:00,台北標準時間,-52.7,,-52.7,100.0,64.0,,12.2,3.3
D,121,2022-07-01,02:15:00,台北標準時間,-52.6,,-52.6,100.0,64.2,,12.2,3.4
D,121,2022-07-01,02:16:00,台北標準時間,-52.7,,-52.7,100.0,64.2,,12.2,3.3
D,121,2022-07-01,02:17:00,台北標準時間,-52.7,,-52.7,100.0,64.3,,12.2,3.2
D,121,2022-07-01,02:18:00,台北標準時間,-52.7,,-52.7,100.0,64.3,,12.2,3.4
D,121,2022-07-01,02:19:00,台北標準時間,-52.7,,-52.7,100.0,64.4,,12.2,3.4
D,121,2022-07-01,02:20:00,台北標準時間,-52.7,,-52.7,100.0,64.7,,12.2,3.4
D,121,2022-07-01,02:21:00,台北標準時間,-52.7,,-52.7,100.0,64.2,,12.2,3.4
D,121,2022-07-01,02:22:00,台北標準時間,-52.7,,-52.7,100.0,64.5,,12.2,3.4
D,121,2022-07-01,02:23:00,台北標準時間,-52.7,,-52.7,100.0,64.5,,12.2,3.3
D,121,2022-07-01,02:24:00,台北標準時間,-52.7,,-52.7,100.0,64.4,,12.2,3.3
D,121,2022-07-01,02:25:00,台北標準時間,-52.7,,-52.7,100.0,64.4,,12.2,3.4
D,121,2022-07-01,02:26:00,台北標準時間,-52.7,,-52.7,100.0,64.2,,12.2,3.4
D,121,2022-07-01,02:27:00,台北標準時間,-52.6,,-52.6,100.0,64.4,,12.2,3.4
D,121,2022-07-01,02:28:00,台北標準時間,-52.6,,-52.6,100.0,64.3,,12.2,3.4
D,121,2022-07-01,02:29:00,台北標準時間,-52.6,,-52.6,100.0,64.3,,12.2,3.3
D,121,2022-07-01,02:30:00,台北標準時間,-52.6,,-52.6,100.0,64.4,,12.2,3.3
D,121,2022-07-01,02:31:00,台北標準時間,-52.6,,-52.6,100.0,64.3,,12.2,3.4
D,121,2022-07-01,02:32:00,台北標準時間,-52.7,,-52.7,100.0,64.2,,12.2,3.0
D,121,2022-07-01,02:33:00,台北標準時間,-52.7,,-52.7,100.0,64.4,,12.2,3.3
D,121,2022-07-01,02:34:00,台北標準時間,-52.7,,-52.7,100.0,64.4,,12.2,3.3
D,121,2022-07-01,02:35:00,台北標準時間,-52.7,,-52.7,100.0,64.3,,12.2,3.3
D,121,2022-07-01,02:36:00,台北標準時間,-52.7,,-52.7,100.0,64.6,,12.2,3.4
D,121,2022-07-01,02:37:00,台北標準時間,-52.7,,-52.7,100.0,64.2,,12.2,3.4
D,121,2022-07-01,02:38:00,台北標準時間,-52.6,,-52.6,100.0,64.5,,12.2,3.3
D,121,2022-07-01,02:39:00,台北標準時間,-52.6,,-52.6,100.0,64.2,,12.2,3.1
D,121,2022-07-01,02:40:00,台北標準時間,-52.6,,-52.6,100.0,64.3,,12.2,3.3
D,121,2022-07-01,02:41:00,台北標準時間,-52.6,,-52.6,100.0,64.3,,12.2,3.1
D,121,2022-07-01,02:42:00,台北標準時間,-52.6,,-52.6,100.0,64.5,,12.2,3.3
D,121,2022-07-01,02:43:00,台北標準時間,-52.7,,-52.7,100.0,64.5,,12.2,3.4
D,121,2022-07-01,02:44:00,台北標準時間,-52.7,,-52.7,100.0,64.2,,12.2,3.4
D,121,2022-07-01,02:45:00,台北標準時間,-52.7,,-52.7,100.0,64.4,,12.2,3.3
D,121,2022-07-01,02:46:00,台北標準時間,-52.7,,-52.7,100.0,64.6,,12.2,3.3
D,121,2022-07-01,02:47:00,台北標準時間,-52.6,,-52.6,100.0,64.6,,12.2,3.3
D,121,2022-07-01,02:48:00,台北標準時間,-52.7,,-52.7,100.0,64.3,,12.2,3.4
D,121,2022-07-01,02:49:00,台北標準時間,-52.6,,-52.6,100.0,64.6,,12.2,3.3
D,121,2022-07-01,02:50:00,台北標準時間,-52.6,,-52.6,100.0,64.6,,12.2,3.4
D,121,2022-07-01,02:51:00,台北標準時間,-52.6,,-52.6,100.0,64.6,,12.2,3.4
D,121,2022-07-01,02:52:00,台北標準時間,-52.6,,-52.6,100.0,64.7,,12.2,3.3
D,121,2022-07-01,02:53:00,台北標準時間,-52.6,,-52.6,100.0,64.8,,12.2,3.4
D,121,2022-07-01,02:54:00,台北標準時間,-52.6,,-52.6,100.0,64.9,,12.2,3.2
D,121,2022-07-01,02:55:00,台北標準時間,-52.7,,-52.7,100.0,64.3,,12.2,3.4
D,121,2022-07-01,02:56:00,台北標準時間,-52.6,,-52.6,100.0,64.7,,12.2,3.3
D,121,2022-07-01,02:57:00,台北標準時間,-52.6,,-52.6,100.0,64.4,,12.2,3.3
D,121,2022-07-01,02:58:00,台北標準時間,-52.7,,-52.7,100.0,64.4,,12.2,3.4
D,121,2022-07-01,02:59:00,台北標準時間,-52.7,,-52.7,100.0,64.4,,12.2,3.1
D,121,2022-07-01,03:00:00,台北標準時間,-52.7,,-52.7,100.0,64.5,,12.1,3.2
D,121,2022-07-01,03:01:00,台北標準時間,-52.7,,-52.7,100.0,64.5,,12.2,3.4
D,121,2022-07-01,03:02:00,台北標準時間,-52.6,,-52.6,100.0,64.5,,12.2,3.3
D,121,2022-07-01,03:03:00,台北標準時間,-52.6,,-52.6,100.0,64.3,,12.2,3.4
D,121,2022-07-01,03:04:00,台北標準時間,-52.6,,-52.6,100.0,64.5,,12.2,3.4
D,121,2022-07-01,03:05:00,台北標準時間,-52.6,,-52.6,100.0,64.5,,12.2,3.3
D,121,2022-07-01,03:06:00,台北標準時間,-52.6,,-52.6,100.0,64.7,,12.2,3.3
D,121,2022-07-01,03:07:00,台北標準時間,-52.6,,-52.6,100.0,64.5,,12.2,3.3
D,121,2022-07-01,03:08:00,台北標準時間,-52.6,,-52.6,100.0,64.5,,12.2,3.4
D,121,2022-07-01,03:09:00,台北標準時間,-52.6,,-52.6,100.0,64.7,,12.2,3.4
D,121,2022-07-01,03:10:00,台北標準時間,-52.6,,-52.6,100.0,65.0,,12.2,3.3
D,121,2022-07-01,03:11:00,台北標準時間,-52.6,,-52.6,100.0,64.7,,12.2,3.3
D,121,2022-07-01,03:12:00,台北標準時間,-52.7,,-52.7,100.0,64.7,,12.2,3.4
D,121,2022-07-01,03:13:00,台北標準時間,-52.7,,-52.7,100.0,64.8,,12.2,3.3
D,121,2022-07-01,03:14:00,台北標準時間,-52.7,,-52.7,100.0,64.9,,12.2,3.4
D,121,2022-07-01,03:15:00,台北標準時間,-52.7,,-52.7,100.0,64.9,,12.2,3.3
D,121,2022-07-01,03:16:00,台北標準時間,-52.6,,-52.6,100.0,64.9,,12.2,3.3
D,121,2022-07-01,03:17:00,台北標準時間,-52.6,,-52.6,100.0,64.7,,12.2,3.4
D,121,2022-07-01,03:18:00,台北標準時間,-52.6,,-52.6,100.0,64.5,,12.2,3.4
D,121,2022-07-01,03:19:00,台北標準時間,-52.6,,-52.6,100.0,64.6,,12.2,3.2
D,121,2022-07-01,03:20:00,台北標準時間,-52.6,,-52.6,100.0,64.7,,12.2,3.4
D,121,2022-07-01,03:21:00,台北標準時間,-52.6,,-52.6,100.0,64.8,,12.2,3.4
D,121,2022-07-01,03:22:00,台北標準時間,-52.6,,-52.6,100.0,64.9,,12.2,3.4
D,121,2022-07-01,03:23:00,台北標準時間,-52.6,,-52.6,100.0,64.8,,12.2,3.4
D,121,2022-07-01,03:24:00,台北標準時間,-52.6,,-52.6,100.0,64.9,,12.2,3.4
D,121,2022-07-01,03:25:00,台北標準時間,-52.6,,-52.6,100.0,64.8,,12.2,3.4
D,121,2022-07-01,03:26:00,台北標準時間,-52.7,,-52.7,100.0,64.9,,12.2,3.4
D,121,2022-07-01,03:27:00,台北標準時間,-52.7,,-52.7,100.0,64.9,,12.2,3.4
D,121,2022-07-01,03:28:00,台北標準時間,-52.7,,-52.7,100.0,64.8,,12.2,3.4
D,121,2022-07-01,03:29:00,台北標準時間,-52.7,,-52.7,100.0,64.7,,12.2,3.4
D,121,2022-07-01,03:30:00,台北標準時間,-52.7,,-52.7,100.0,64.6,,12.2,3.4
D,121,2022-07-01,03:31:00,台北標準時間,-52.6,,-52.6,100.0,64.7,,12.2,3.4
D,121,2022-07-01,03:32:00,台北標準時間,-52.6,,-52.6,100.0,64.6,,12.2,3.4
D,121,2022-07-01,03:33:00,台北標準時間,-52.6,,-52.6,100.0,64.9,,12.2,3.3
D,121,2022-07-01,03:34:00,台北標準時間,-52.7,,-52.7,100.0,65.0,,12.2,3.3
D,121,2022-07-01,03:35:00,台北標準時間,-52.7,,-52.7,100.0,64.7,,12.2,3.2
D,121,2022-07-01,03:36:00,台北標準時間,-52.7,,-52.7,100.0,64.7,,12.2,3.4
D,121,2022-07-01,03:37:00,台北標準時間,-52.7,,-52.7,100.0,64.7,,12.2,3.3
D,121,2022-07-01,03:38:00,台北標準時間,-52.6,,-52.6,100.0,65.0,,12.2,3.3
D,121,2022-07-01,03:39:00,台北標準時間,-52.7,,-52.7,100.0,65.0,,12.2,3.4
D,121,2022-07-01,03:40:00,台北標準時間,-52.7,,-52.7,100.0,64.8,,12.2,3.3
D,121,2022-07-01,03:41:00,台北標準時間,-52.7,,-52.7,100.0,64.8,,12.2,3.3
D,121,2022-07-01,03:42:00,台北標準時間,-52.7,,-52.7,100.0,64.8,,12.2,3.4
D,121,2022-07-01,03:43:00,台北標準時間,-52.6,,-52.6,100.0,64.9,,12.2,3.2
D,121,2022-07-01,03:44:00,台北標準時間,-52.6,,-52.6,100.0,64.6,,12.2,3.4
D,121,2022-07-01,03:45:00,台北標準時間,-52.6,,-52.6,100.0,64.8,,12.2,3.4
D,121,2022-07-01,03:46:00,台北標準時間,-52.6,,-52.6,100.0,64.6,,12.2,3.4
D,121,2022-07-01,03:47:00,台北標準時間,-52.6,,-52.6,100.0,64.6,,12.2,3.4
D,121,2022-07-01,03:48:00,台北標準時間,-52.7,,-52.7,100.0,64.6,,12.2,3.4
D,121,2022-07-01,03:49:00,台北標準時間,-52.7,,-52.7,100.0,64.4,,12.2,3.4
D,121,2022-07-01,03:50:00,台北標準時間,-52.7,,-52.7,100.0,64.8,,12.2,3.2
D,121,2022-07-01,03:51:00,台北標準時間,-52.7,,-52.7,100.0,64.8,,12.2,3.3
D,121,2022-07-01,03:52:00,台北標準時間,-52.7,,-52.7,100.0,64.8,,12.2,3.4
D,121,2022-07-01,03:53:00,台北標準時間,-52.7,,-52.7,100.0,64.7,,12.2,3.4
D,121,2022-07-01,03:54:00,台北標準時間,-52.7,,-52.7,100.0,64.9,,12.2,3.4
D,121,2022-07-01,03:55:00,台北標準時間,-52.7,,-52.7,100.0,64.7,,12.2,3.3
D,121,2022-07-01,03:56:00,台北標準時間,-52.7,,-52.7,100.0,64.7,,12.2,3.4
D,121,2022-07-01,03:57:00,台北標準時間,-52.7,,-52.7,100.0,64.7,,12.2,3.4
D,121,2022-07-01,03:58:00,台北標準時間,-52.7,,-52.7,100.0,64.8,,12.2,3.4
D,121,2022-07-01,03:59:00,台北標準時間,-52.6,,-52.6,100.0,64.6,,12.2,3.3
D,121,2022-07-01,04:00:00,台北標準時間,-52.6,,-52.6,100.0,64.7,,12.2,3.3
D,121,2022-07-01,04:01:00,台北標準時間,-52.6,,-52.6,100.0,64.6,,12.2,3.3
D,121,2022-07-01,04:02:00,台北標準時間,-52.7,,-52.7,100.0,64.7,,12.2,3.1
D,121,2022-07-01,04:03:00,台北標準時間,-52.6,,-52.6,100.0,64.7,,12.2,3.4
D,121,2022-07-01,04:04:00,台北標準時間,-52.7,,-52.7,100.0,64.5,,12.2,3.3
D,121,2022-07-01,04:05:00,台北標準時間,-52.7,,-52.7,100.0,64.8,,12.1,3.4
D,121,2022-07-01,04:06:00,台北標準時間,-52.7,,-52.7,100.0,64.9,,12.2,3.3
D,121,2022-07-01,04:07:00,台北標準時間,-52.7,,-52.7,100.0,64.7,,12.2,3.4
D,121,2022-07-01,04:08:00,台北標準時間,-52.7,,-52.7,100.0,64.9,,12.1,3.3
D,121,2022-07-01,04:09:00,台北標準時間,-52.7,,-52.7,100.0,65.1,,12.2,3.4
D,121,2022-07-01,04:10:00,台北標準時間,-52.6,,-52.6,100.0,64.7,,12.2,3.4
D,121,2022-07-01,04:11:00,台北標準時間,-52.6,,-52.6,100.0,64.8,,12.2,3.4
D,121,2022-07-01,04:12:00,台北標準時間,-52.6,,-52.6,100.0,64.9,,12.2,3.4
D,121,2022-07-01,04:13:00,台北標準時間,-52.6,,-52.6,100.0,64.5,,12.2,3.4
D,121,2022-07-01,04:14:00,台北標準時間,-52.6,,-52.6,100.0,64.6,,12.2,3.4
D,121,2022-07-01,04:15:00,台北標準時間,-52.6,,-52.6,100.0,64.9,,12.2,3.4
D,121,2022-07-01,04:16:00,台北標準時間,-52.6,,-52.6,100.0,64.4,,12.1,3.4
D,121,2022-07-01,04:17:00,台北標準時間,-52.7,,-52.7,100.0,64.9,,12.2,3.3
D,121,2022-07-01,04:18:00,台北標準時間,-52.7,,-52.7,100.0,64.8,,12.2,3.3
D,121,2022-07-01,04:19:00,台北標準時間,-52.7,,-52.7,100.0,64.9,,12.2,3.4
D,121,2022-07-01,04:20:00,台北標準時間,-52.7,,-52.7,100.0,64.8,,12.2,3.4
D,121,2022-07-01,04:21:00,台北標準時間,-52.7,,-52.7,100.0,64.9,,12.2,3.4
D,121,2022-07-01,04:22:00,台北標準時間,-52.7,,-52.7,100.0,64.9,,12.2,3.3
D,121,2022-07-01,04:23:00,台北標準時間,-52.6,,-52.6,100.0,64.6,,12.2,3.4
D,121,2022-07-01,04:24:00,台北標準時間,-52.6,,-52.6,100.0,64.7,,12.2,3.3
D,121,2022-07-01,04:25:00,台北標準時間,-52.6,,-52.6,100.0,64.7,,12.2,3.3
D,121,2022-07-01,04:26:00,台北標準時間,-52.6,,-52.6,100.0,64.6,,12.2,3.3
D,121,2022-07-01,04:27:00,台北標準時間,-52.6,,-52.6,100.0,64.8,,12.2,3.3
D,121,2022-07-01,04:28:00,台北標準時間,-52.6,,-52.6,100.0,64.8,,12.2,3.4
D,121,2022-07-01,04:29:00,台北標準時間,-52.6,,-52.6,100.0,64.6,,12.2,3.4
D,121,2022-07-01,04:30:00,台北標準時間,-52.6,,-52.6,100.0,64.7,,12.2,3.4
D,121,2022-07-01,04:31:00,台北標準時間,-52.6,,-52.6,100.0,64.8,,12.2,3.3
D,121,2022-07-01,04:32:00,台北標準時間,-52.7,,-52.7,100.0,64.5,,12.2,3.4
D,121,2022-07-01,04:33:00,台北標準時間,-52.6,,-52.6,100.0,64.7,,12.2,3.4
D,121,2022-07-01,04:34:00,台北標準時間,-52.6,,-52.6,100.0,64.6,,12.2,3.3
D,121,2022-07-01,04:35:00,台北標準時間,-52.6,,-52.6,100.0,64.9,,12.2,3.3
D,121,2022-07-01,04:36:00,台北標準時間,-52.6,,-52.6,100.0,64.8,,12.2,3.4
D,121,2022-07-01,04:37:00,台北標準時間,-52.6,,-52.6,100.0,64.7,,12.2,3.4
D,121,2022-07-01,04:38:00,台北標準時間,-52.6,,-52.6,100.0,64.8,,12.2,3.3
D,121,2022-07-01,04:39:00,台北標準時間,-52.6,,-52.6,100.0,64.4,,12.2,3.3
D,121,2022-07-01,04:40:00,台北標準時間,-52.6,,-52.6,100.0,64.7,,12.2,3.4
D,121,2022-07-01,04:41:00,台北標準時間,-52.7,,-52.7,100.0,64.8,,12.2,3.4
D,121,2022-07-01,04:42:00,台北標準時間,-52.7,,-52.7,100.0,64.8,,12.2,3.4
D,121,2022-07-01,04:43:00,台北標準時間,-52.7,,-52.7,100.0,64.8,,12.2,3.4
D,121,2022-07-01,04:44:00,台北標準時間,-52.6,,-52.6,100.0,64.6,,12.2,3.2
D,121,2022-07-01,04:45:00,台北標準時間,-52.6,,-52.6,100.0,64.7,,12.2,3.2
D,121,2022-07-01,04:46:00,台北標準時間,-52.6,,-52.6,100.0,64.4,,12.2,3.3
D,121,2022-07-01,04:47:00,台北標準時間,-52.6,,-52.6,100.0,64.6,,12.2,3.4
D,121,2022-07-01,04:48:00,台北標準時間,-52.6,,-52.6,100.0,64.7,,12.2,3.1
D,121,2022-07-01,04:49:00,台北標準時間,-52.6,,-52.6,100.0,64.9,,12.2,3.4
D,121,2022-07-01,04:50:00,台北標準時間,-52.6,,-52.6,100.0,64.7,,12.2,3.4
D,121,2022-07-01,04:51:00,台北標準時間,-52.6,,-52.6,100.0,64.9,,12.2,3.4
D,121,2022-07-01,04:52:00,台北標準時間,-52.6,,-52.6,100.0,64.8,,12.2,3.4
D,121,2022-07-01,04:53:00,台北標準時間,-52.6,,-52.6,100.0,64.7,,12.2,3.2
D,121,2022-07-01,04:54:00,台北標準時間,-52.6,,-52.6,100.0,64.7,,12.2,3.4
D,121,2022-07-01,04:55:00,台北標準時間,-52.6,,-52.6,100.0,64.6,,12.2,3.3
D,121,2022-07-01,04:56:00,台北標準時間,-52.6,,-52.6,100.0,65.0,,12.2,3.4
D,121,2022-07-01,04:57:00,台北標準時間,-52.7,,-52.7,100.0,64.3,,12.2,3.3
D,121,2022-07-01,04:58:00,台北標準時間,-52.6,,-52.6,100.0,64.8,,12.2,3.4
D,121,2022-07-01,04:59:00,台北標準時間,-52.6,,-52.6,100.0,64.7,,12.2,3.3
D,121,2022-07-01,05:00:00,台北標準時間,-52.7,,-52.7,100.0,64.7,,12.2,3.3
D,121,2022-07-01,05:01:00,台北標準時間,-52.6,,-52.6,100.0,65.0,,12.2,3.4
D,121,2022-07-01,05:02:00,台北標準時間,-52.6,,-52.6,100.0,64.9,,12.2,3.4
D,121,2022-07-01,05:03:00,台北標準時間,-52.6,,-52.6,100.0,64.8,,12.2,3.4
D,121,2022-07-01,05:04:00,台北標準時間,-52.6,,-52.6,100.0,64.7,,12.2,3.4
D,121,2022-07-01,05:05:00,台北標準時間,-52.6,,-52.6,100.0,64.7,,12.2,3.3
D,121,2022-07-01,05:06:00,台北標準時間,-52.7,,-52.7,100.0,64.4,,12.2,3.4
D,121,2022-07-01,05:07:00,台北標準時間,-52.6,,-52.6,100.0,64.6,,12.2,3.4
D,121,2022-07-01,05:08:00,台北標準時間,-52.7,,-52.7,100.0,64.7,,12.2,3.0
D,121,2022-07-01,05:09:00,台北標準時間,-52.7,,-52.7,100.0,64.8,,12.2,3.3
D,121,2022-07-01,05:10:00,台北標準時間,-52.6,,-52.6,100.0,64.7,,12.2,3.4
D,121,2022-07-01,05:11:00,台北標準時間,-52.7,,-52.7,100.0,64.7,,12.2,3.4
D,121,2022-07-01,05:12:00,台北標準時間,-52.6,,-52.6,100.0,64.5,,12.2,3.4
D,121,2022-07-01,05:13:00,台北標準時間,-52.7,,-52.7,100.0,64.5,,12.2,3.3
D,121,2022-07-01,05:14:00,台北標準時間,-52.7,,-52.7,100.0,64.6,,12.2,3.4
D,121,2022-07-01,05:15:00,台北標準時間,-52.7,,-52.7,100.0,64.5,,12.2,3.4
D,121,2022-07-01,05:16:00,台北標準時間,-52.6,,-52.6,100.0,64.6,,12.2,3.4
D,121,2022-07-01,05:17:00,台北標準時間,-52.6,,-52.6,100.0,64.6,,12.2,3.3
D,121,2022-07-01,05:18:00,台北標準時間,-52.7,,-52.7,100.0,64.5,,12.2,3.3
D,121,2022-07-01,05:19:00,台北標準時間,-52.7,,-52.7,100.0,64.7,,12.2,3.3
D,121,2022-07-01,05:20:00,台北標準時間,-52.7,,-52.7,100.0,64.8,,12.2,3.4
D,121,2022-07-01,05:21:00,台北標準時間,-52.7,,-52.7,100.0,64.9,,12.2,3.2
D,121,2022-07-01,05:22:00,台北標準時間,-52.7,,-52.7,100.0,64.6,,12.2,3.4
D,121,2022-07-01,05:23:00,台北標準時間,-52.7,,-52.7,100.0,64.5,,12.2,3.4
D,121,2022-07-01,05:24:00,台北標準時間,-52.7,,-52.7,100.0,64.6,,12.2,3.4
D,121,2022-07-01,05:25:00,台北標準時間,-52.7,,-52.7,100.0,64.7,,12.2,3.4
D,121,2022-07-01,05:26:00,台北標準時間,-52.7,,-52.7,100.0,64.3,,12.2,3.4
D,121,2022-07-01,05:27:00,台北標準時間,-52.7,,-52.7,100.0,64.5,,12.2,3.2
D,121,2022-07-01,05:28:00,台北標準時間,-52.7,,-52.7,100.0,64.5,,12.2,3.3
D,121,2022-07-01,05:29:00,台北標準時間,-52.7,,-52.7,100.0,64.5,,12.2,3.2
D,121,2022-07-01,05:30:00,台北標準時間,-52.7,,-52.7,100.0,64.5,,12.2,3.3
D,121,2022-07-01,05:31:00,台北標準時間,-52.7,,-52.7,100.0,64.7,,12.2,3.4
D,121,2022-07-01,05:32:00,台北標準時間,-52.7,,-52.7,100.0,64.7,,12.2,3.4
D,121,2022-07-01,05:33:00,台北標準時間,-52.7,,-52.7,100.0,64.7,,12.2,3.4
D,121,2022-07-01,05:34:00,台北標準時間,-52.7,,-52.7,100.0,64.5,,12.2,3.3
D,121,2022-07-01,05:35:00,台北標準時間,-52.7,,-52.7,100.0,64.1,,12.2,3.2
D,121,2022-07-01,05:36:00,台北標準時間,-52.7,,-52.7,100.0,64.5,,12.2,3.3
D,121,2022-07-01,05:37:00,台北標準時間,-52.7,,-52.7,100.0,64.5,,12.2,3.2
D,121,2022-07-01,05:38:00,台北標準時間,-52.7,,-52.7,100.0,64.6,,12.2,3.3
D,121,2022-07-01,05:39:00,台北標準時間,-52.7,,-52.7,100.0,64.4,,12.2,3.2
D,121,2022-07-01,05:40:00,台北標準時間,-52.7,,-52.7,100.0,64.6,,12.2,3.4
D,121,2022-07-01,05:41:00,台北標準時間,-52.7,,-52.7,100.0,64.4,,12.2,3.2
D,121,2022-07-01,05:42:00,台北標準時間,-52.7,,-52.7,100.0,64.4,,12.2,3.4
D,121,2022-07-01,05:43:00,台北標準時間,-52.6,,-52.6,100.0,64.2,,12.2,2.9
D,121,2022-07-01,05:44:00,台北標準時間,-52.7,,-52.7,100.0,64.5,,12.2,3.3
D,121,2022-07-01,05:45:00,台北標準時間,-52.7,,-52.7,100.0,64.6,,12.2,3.3
D,121,2022-07-01,05:46:00,台北標準時間,-52.7,,-52.7,100.0,64.6,,12.2,3.3
D,121,2022-07-01,05:47:00,台北標準時間,-52.7,,-52.7,100.0,64.5,,12.2,3.4
D,121,2022-07-01,05:48:00,台北標準時間,-52.7,,-52.7,100.0,64.4,,12.2,3.3
D,121,2022-07-01,05:49:00,台北標準時間,-52.7,,-52.7,100.0,64.6,,12.2,3.4
D,121,2022-07-01,05:50:00,台北標準時間,-52.7,,-52.7,100.0,64.5,,12.2,3.3
D,121,2022-07-01,05:51:00,台北標準時間,-52.7,,-52.7,100.0,64.3,,12.2,3.4
D,121,2022-07-01,05:52:00,台北標準時間,-52.7,,-52.7,100.0,64.5,,12.2,3.3
D,121,2022-07-01,05:53:00,台北標準時間,-52.7,,-52.7,100.0,64.5,,12.1,3.4
D,121,2022-07-01,05:54:00,台北標準時間,-52.7,,-52.7,100.0,64.5,,12.2,3.4
D,121,2022-07-01,05:55:00,台北標準時間,-52.6,,-52.6,100.0,64.5,,12.2,3.3
D,121,2022-07-01,05:56:00,台北標準時間,-52.6,,-52.6,100.0,64.6,,12.2,3.2
D,121,2022-07-01,05:57:00,台北標準時間,-52.7,,-52.7,100.0,64.5,,12.2,3.4
D,121,2022-07-01,05:58:00,台北標準時間,-52.7,,-52.7,100.0,64.5,,12.2,3.3
D,121,2022-07-01,05:59:00,台北標準時間,-52.7,,-52.7,100.0,64.6,,12.2,3.4
D,121,2022-07-01,06:00:00,台北標準時間,-52.7,,-52.7,100.0,64.3,,12.2,3.4
D,121,2022-07-01,06:01:00,台北標準時間,-52.7,,-52.7,100.0,64.4,,12.2,3.4
D,121,2022-07-01,06:02:00,台北標準時間,-52.7,,-52.7,100.0,64.4,,12.2,3.4
D,121,2022-07-01,06:03:00,台北標準時間,-52.7,,-52.7,100.0,64.4,,12.2,3.4
D,121,2022-07-01,06:04:00,台北標準時間,-52.7,,-52.7,100.0,64.6,,12.2,3.3
D,121,2022-07-01,06:05:00,台北標準時間,-52.7,,-52.7,100.0,64.7,,12.2,3.4
D,121,2022-07-01,06:06:00,台北標準時間,-52.7,,-52.7,100.0,64.5,,12.2,3.4
D,121,2022-07-01,06:07:00,台北標準時間,-52.7,,-52.7,100.0,64.8,,12.2,3.4
D,121,2022-07-01,06:08:00,台北標準時間,-52.7,,-52.7,100.0,64.5,,12.2,3.4
D,121,2022-07-01,06:09:00,台北標準時間,-52.7,,-52.7,100.0,64.7,,12.2,3.2
D,121,2022-07-01,06:10:00,台北標準時間,-52.7,,-52.7,100.0,64.5,,12.2,3.4
D,121,2022-07-01,06:11:00,台北標準時間,-52.7,,-52.7,100.0,64.9,,12.2,3.3
D,121,2022-07-01,06:12:00,台北標準時間,-52.7,,-52.7,100.0,64.6,,12.2,3.4
D,121,2022-07-01,06:13:00,台北標準時間,-52.7,,-52.7,100.0,64.6,,12.2,3.4
D,121,2022-07-01,06:14:00,台北標準時間,-52.7,,-52.7,100.0,64.4,,12.2,3.4
D,121,2022-07-01,06:15:00,台北標準時間,-52.7,,-52.7,100.0,64.5,,12.2,3.4
D,121,2022-07-01,06:16:00,台北標準時間,-52.7,,-52.7,100.0,64.6,,12.2,3.2
D,121,2022-07-01,06:17:00,台北標準時間,-52.7,,-52.7,100.0,64.6,,12.2,3.4
D,121,2022-07-01,06:18:00,台北標準時間,-52.7,,-52.7,100.0,64.9,,12.2,3.4
D,121,2022-07-01,06:19:00,台北標準時間,-52.7,,-52.7,100.0,64.6,,12.2,3.2
D,121,2022-07-01,06:20:00,台北標準時間,-52.7,,-52.7,100.0,64.6,,12.2,3.3
D,121,2022-07-01,06:21:00,台北標準時間,-52.7,,-52.7,100.0,64.7,,12.2,3.4
D,121,2022-07-01,06:22:00,台北標準時間,-52.7,,-52.7,100.0,64.9,,12.2,3.1
D,121,2022-07-01,06:23:00,台北標準時間,-52.7,,-52.7,100.0,64.6,,12.2,3.4
D,121,2022-07-01,06:24:00,台北標準時間,-52.7,,-52.7,100.0,64.5,,12.2,3.3
D,121,2022-07-01,06:25:00,台北標準時間,-52.8,,-52.8,100.0,64.4,,12.2,3.4
D,121,2022-07-01,06:26:00,台北標準時間,-52.7,,-52.7,100.0,64.6,,12.2,3.2
D,121,2022-07-01,06:27:00,台北標準時間,-52.7,,-52.7,100.0,64.6,,12.2,3.4
D,121,2022-07-01,06:28:00,台北標準時間,-52.7,,-52.7,100.0,64.6,,12.2,3.3
D,121,2022-07-01,06:29:00,台北標準時間,-52.7,,-52.7,100.0,64.6,,12.2,3.4
D,121,2022-07-01,06:30:00,台北標準時間,-52.7,,-52.7,100.0,64.8,,12.2,3.3
D,121,2022-07-01,06:31:00,台北標準時間,-52.7,,-52.7,100.0,64.8,,12.2,3.4
D,121,2022-07-01,06:32:00,台北標準時間,-52.7,,-52.7,100.0,64.5,,12.2,3.3
D,121,2022-07-01,06:33:00,台北標準時間,-52.7,,-52.7,100.0,64.5,,12.2,3.3
D,121,2022-07-01,06:34:00,台北標準時間,-52.7,,-52.7,100.0,64.7,,12.2,3.3
D,121,2022-07-01,06:35:00,台北標準時間,-52.7,,-52.7,100.0,64.6,,12.2,3.3
D,121,2022-07-01,06:36:00,台北標準時間,-52.7,,-52.7,100.0,64.4,,12.2,3.3
D,121,2022-07-01,06:37:00,台北標準時間,-52.7,,-52.7,100.0,64.7,,12.2,3.4
D,121,2022-07-01,06:38:00,台北標準時間,-52.7,,-52.7,100.0,64.7,,12.2,3.3
D,121,2022-07-01,06:39:00,台北標準時間,-52.8,,-52.8,100.0,64.8,,12.2,3.4
D,121,2022-07-01,06:40:00,台北標準時間,-52.7,,-52.7,100.0,64.7,,12.2,3.3
D,121,2022-07-01,06:41:00,台北標準時間,-52.7,,-52.7,100.0,64.6,,12.2,3.4
D,121,2022-07-01,06:42:00,台北標準時間,-52.8,,-52.8,100.0,64.5,,12.2,3.1
D,121,2022-07-01,06:43:00,台北標準時間,-52.8,,-52.8,100.0,64.7,,12.2,3.2
D,121,2022-07-01,06:44:00,台北標準時間,-52.7,,-52.7,100.0,64.8,,12.2,3.4
D,121,2022-07-01,06:45:00,台北標準時間,-52.7,,-52.7,100.0,64.8,,12.2,3.2
D,121,2022-07-01,06:46:00,台北標準時間,-52.8,,-52.8,100.0,64.5,,12.2,3.4
D,121,2022-07-01,06:47:00,台北標準時間,-52.7,,-52.7,100.0,64.6,,12.2,3.3
D,121,2022-07-01,06:48:00,台北標準時間,-52.8,,-52.8,100.0,64.7,,12.2,3.4
D,121,2022-07-01,06:49:00,台北標準時間,-52.7,,-52.7,100.0,64.6,,12.2,3.4
D,121,2022-07-01,06:50:00,台北標準時間,-52.7,,-52.7,100.0,64.8,,12.2,3.4
D,121,2022-07-01,06:51:00,台北標準時間,-52.7,,-52.7,100.0,64.9,,12.2,3.4
D,121,2022-07-01,06:52:00,台北標準時間,-52.7,,-52.7,100.0,64.7,,12.2,3.1
D,121,2022-07-01,06:53:00,台北標準時間,-52.7,,-52.7,100.0,64.8,,12.2,3.4
D,121,2022-07-01,06:54:00,台北標準時間,-52.7,,-52.7,100.0,65.0,,12.2,3.4
D,121,2022-07-01,06:55:00,台北標準時間,-52.7,,-52.7,100.0,64.8,,12.2,3.3
D,121,2022-07-01,06:56:00,台北標準時間,-52.7,,-52.7,100.0,64.6,,12.2,3.3
D,121,2022-07-01,06:57:00,台北標準時間,-52.7,,-52.7,100.0,64.8,,12.2,3.4
D,121,2022-07-01,06:58:00,台北標準時間,-52.7,,-52.7,100.0,64.7,,12.2,3.4
D,121,2022-07-01,06:59:00,台北標準時間,-52.7,,-52.7,100.0,64.7,,12.2,3.3
D,121,2022-07-01,07:00:00,台北標準時間,-52.7,,-52.7,100.0,64.7,,12.2,3.3
D,121,2022-07-01,07:01:00,台北標準時間,-52.7,,-52.7,100.0,64.9,,12.2,3.4
D,121,2022-07-01,07:02:00,台北標準時間,-52.8,,-52.8,100.0,64.6,,12.2,3.1
D,121,2022-07-01,07:03:00,台北標準時間,-52.7,,-52.7,100.0,64.7,,12.2,3.3
D,121,2022-07-01,07:04:00,台北標準時間,-52.8,,-52.8,100.0,64.5,,12.2,3.2
D,121,2022-07-01,07:05:00,台北標準時間,-52.8,,-52.8,100.0,64.7,,12.2,3.3
D,121,2022-07-01,07:06:00,台北標準時間,-52.8,,-52.8,100.0,64.7,,12.2,3.3
D,121,2022-07-01,07:07:00,台北標準時間,-52.7,,-52.7,100.0,64.7,,12.2,3.3
D,121,2022-07-01,07:08:00,台北標準時間,-52.7,,-52.7,100.0,64.8,,12.2,3.4
D,121,2022-07-01,07:09:00,台北標準時間,-52.7,,-52.7,100.0,64.5,,12.2,3.3
D,121,2022-07-01,07:10:00,台北標準時間,-52.7,,-52.7,100.0,64.6,,12.2,3.4
D,121,2022-07-01,07:11:00,台北標準時間,-52.7,,-52.7,100.0,64.7,,12.2,3.4
D,121,2022-07-01,07:12:00,台北標準時間,-52.7,,-52.7,100.0,64.5,,12.1,3.4
D,121,2022-07-01,07:13:00,台北標準時間,-52.8,,-52.8,100.0,64.6,,12.2,3.4
D,121,2022-07-01,07:14:00,台北標準時間,-52.8,,-52.8,100.0,64.7,,12.2,3.4
D,121,2022-07-01,07:15:00,台北標準時間,-52.7,,-52.7,100.0,64.6,,12.2,3.0
D,121,2022-07-01,07:16:00,台北標準時間,-52.7,,-52.7,100.0,64.5,,12.2,3.3
D,121,2022-07-01,07:17:00,台北標準時間,-52.8,,-52.8,100.0,64.6,,12.2,3.3
D,121,2022-07-01,07:18:00,台北標準時間,-52.7,,-52.7,100.0,64.3,,12.1,3.2
D,121,2022-07-01,07:19:00,台北標準時間,-52.7,,-52.7,100.0,64.6,,12.2,3.4
D,121,2022-07-01,07:20:00,台北標準時間,-52.7,,-52.7,100.0,64.4,,12.2,3.3
D,121,2022-07-01,07:21:00,台北標準時間,-52.7,,-52.7,100.0,64.4,,12.2,3.3
D,121,2022-07-01,07:22:00,台北標準時間,-52.7,,-52.7,100.0,64.6,,12.2,3.4
D,121,2022-07-01,07:23:00,台北標準時間,-52.7,,-52.7,100.0,64.5,,12.2,3.3
D,121,2022-07-01,07:24:00,台北標準時間,-52.7,,-52.7,100.0,64.6,,12.2,3.4
D,121,2022-07-01,07:25:00,台北標準時間,-52.7,,-52.7,100.0,64.6,,12.2,3.4
D,121,2022-07-01,07:26:00,台北標準時間,-52.7,,-52.7,100.0,64.4,,12.2,3.3
D,121,2022-07-01,07:27:00,台北標準時間,-52.8,,-52.8,100.0,64.6,,12.2,3.3
D,121,2022-07-01,07:28:00,台北標準時間,-52.8,,-52.8,100.0,64.3,,12.2,3.4
D,121,2022-07-01,07:29:00,台北標準時間,-52.8,,-52.8,100.0,64.5,,12.2,3.4
D,121,2022-07-01,07:30:00,台北標準時間,-52.8,,-52.8,100.0,64.5,,12.2,3.3
D,121,2022-07-01,07:31:00,台北標準時間,-52.8,,-52.8,100.0,64.7,,12.2,3.3
D,121,2022-07-01,07:32:00,台北標準時間,-52.7,,-52.7,100.0,64.4,,12.2,3.4
D,121,2022-07-01,07:33:00,台北標準時間,-52.7,,-52.7,100.0,64.3,,12.2,3.3
D,121,2022-07-01,07:34:00,台北標準時間,-52.7,,-52.7,100.0,64.3,,12.2,3.3
D,121,2022-07-01,07:35:00,台北標準時間,-52.7,,-52.7,100.0,64.5,,12.2,3.4
D,121,2022-07-01,07:36:00,台北標準時間,-52.8,,-52.8,100.0,64.3,,12.2,3.3
D,121,2022-07-01,07:37:00,台北標準時間,-52.8,,-52.8,100.0,64.5,,12.2,3.4
D,121,2022-07-01,07:38:00,台北標準時間,-52.8,,-52.8,100.0,64.5,,12.2,3.4
D,121,2022-07-01,07:39:00,台北標準時間,-52.8,,-52.8,100.0,64.3,,12.2,3.4
D,121,2022-07-01,07:40:00,台北標準時間,-52.8,,-52.8,100.0,64.4,,12.2,3.3
D,121,2022-07-01,07:41:00,台北標準時間,-52.8,,-52.8,100.0,64.4,,12.1,3.4
D,121,2022-07-01,07:42:00,台北標準時間,-52.8,,-52.8,100.0,64.1,,12.2,3.3
D,121,2022-07-01,07:43:00,台北標準時間,-52.8,,-52.8,100.0,64.7,,12.2,3.3
D,121,2022-07-01,07:44:00,台北標準時間,-52.8,,-52.8,100.0,64.6,,12.2,3.3
D,121,2022-07-01,07:45:00,台北標準時間,-52.8,,-52.8,100.0,64.6,,12.2,3.4
D,121,2022-07-01,07:46:00,台北標準時間,-52.7,,-52.7,100.0,64.7,,12.2,3.3
D,121,2022-07-01,07:47:00,台北標準時間,-52.7,,-52.7,100.0,64.8,,12.2,3.3
D,121,2022-07-01,07:48:00,台北標準時間,-52.7,,-52.7,100.0,64.7,,12.2,3.3
D,121,2022-07-01,07:49:00,台北標準時間,-52.7,,-52.7,100.0,64.6,,12.2,3.4
D,121,2022-07-01,07:50:00,台北標準時間,-52.8,,-52.8,100.0,64.2,,12.2,3.3
D,121,2022-07-01,07:51:00,台北標準時間,-52.8,,-52.8,100.0,64.3,,12.2,3.4
D,121,2022-07-01,07:52:00,台北標準時間,-52.8,,-52.8,100.0,64.4,,12.2,3.1
D,121,2022-07-01,07:53:00,台北標準時間,-52.8,,-52.8,100.0,64.6,,12.2,3.4
D,121,2022-07-01,07:54:00,台北標準時間,-52.7,,-52.7,100.0,64.6,,12.2,3.4
D,121,2022-07-01,07:55:00,台北標準時間,-52.8,,-52.8,100.0,64.7,,12.2,3.4
D,121,2022-07-01,07:56:00,台北標準時間,-52.7,,-52.7,100.0,64.5,,12.2,3.4
D,121,2022-07-01,07:57:00,台北標準時間,-52.7,,-52.7,100.0,64.6,,12.1,3.4
D,121,2022-07-01,07:58:00,台北標準時間,-52.7,,-52.7,100.0,64.4,,12.2,3.4
D,121,2022-07-01,07:59:00,台北標準時間,-52.7,,-52.7,100.0,64.5,,12.2,3.4
D,121,2022-07-01,08:00:00,台北標準時間,-52.7,,-52.7,100.0,64.6,,12.2,3.0
D,121,2022-07-01,08:01:00,台北標準時間,-52.7,,-52.7,100.0,64.5,,12.2,3.4
D,121,2022-07-01,08:02:00,台北標準時間,-52.7,,-52.7,100.0,64.4,,12.2,3.0
D,121,2022-07-01,08:03:00,台北標準時間,-52.7,,-52.7,100.0,64.6,,12.1,3.3
D,121,2022-07-01,08:04:00,台北標準時間,-52.7,,-52.7,100.0,64.3,,12.2,3.4
D,121,2022-07-01,08:05:00,台北標準時間,-52.7,,-52.7,100.0,64.5,,12.2,3.3
D,121,2022-07-01,08:06:00,台北標準時間,-52.7,,-52.7,100.0,64.0,,12.2,3.3
D,121,2022-07-01,08:07:00,台北標準時間,-52.7,,-52.7,100.0,64.2,,12.2,3.0
D,121,2022-07-01,08:08:00,台北標準時間,-52.7,,-52.7,100.0,64.2,,12.2,3.2
D,121,2022-07-01,08:09:00,台北標準時間,-52.7,,-52.7,100.0,64.0,,12.2,3.4
D,121,2022-07-01,08:10:00,台北標準時間,-52.7,,-52.7,100.0,64.0,,12.2,3.0
D,121,2022-07-01,08:11:00,台北標準時間,-52.7,,-52.7,100.0,64.3,,12.2,3.3
D,121,2022-07-01,08:12:00,台北標準時間,-52.7,,-52.7,100.0,64.1,,12.2,3.4
D,121,2022-07-01,08:13:00,台北標準時間,-52.6,,-52.6,100.0,64.2,,12.2,3.4
D,121,2022-07-01,08:14:00,台北標準時間,-52.7,,-52.7,100.0,64.2,,12.2,3.3
D,121,2022-07-01,08:15:00,台北標準時間,-52.7,,-52.7,100.0,64.2,,12.2,3.4
D,121,2022-07-01,08:16:00,台北標準時間,-52.7,,-52.7,100.0,64.2,,12.2,3.4
D,121,2022-07-01,08:17:00,台北標準時間,-52.7,,-52.7,100.0,64.2,,12.2,3.4
D,121,2022-07-01,08:18:00,台北標準時間,-52.7,,-52.7,100.0,64.5,,12.2,3.4
D,121,2022-07-01,08:19:00,台北標準時間,-52.7,,-52.7,100.0,64.6,,12.2,3.3
D,121,2022-07-01,08:20:00,台北標準時間,-52.7,,-52.7,100.0,64.5,,12.2,3.3
D,121,2022-07-01,08:21:00,台北標準時間,-52.5,,-52.5,100.0,69.0,,12.2,3.4
D,121,2022-07-01,08:22:00,台北標準時間,-52.7,,-52.7,100.0,69.7,,12.2,3.2
D,121,2022-07-01,08:23:00,台北標準時間,-52.8,,-52.8,100.0,69.5,,12.2,3.1
D,121,2022-07-01,08:24:00,台北標準時間,-52.8,,-52.8,100.0,69.4,,12.2,3.1
D,121,2022-07-01,08:25:00,台北標準時間,-52.8,,-52.8,100.0,69.3,,12.2,3.3
D,121,2022-07-01,08:26:00,台北標準時間,-52.8,,-52.8,100.0,69.4,,12.2,3.0
D,121,2022-07-01,08:27:00,台北標準時間,-52.8,,-52.8,100.0,69.3,,12.2,3.3
D,121,2022-07-01,08:28:00,台北標準時間,-52.8,,-52.8,100.0,69.3,,12.2,3.3
D,121,2022-07-01,08:29:00,台北標準時間,-52.7,,-52.7,100.0,69.4,,12.2,3.2
D,121,2022-07-01,08:30:00,台北標準時間,-52.7,,-52.7,100.0,69.6,,12.2,3.1
D,121,2022-07-01,08:31:00,台北標準時間,-33.6,,-33.6,60.0,94.3,,13.2,4.4
D,121,2022-07-01,08:32:00,台北標準時間,-50.7,,-50.7,100.0,68.0,,12.2,3.8
D,121,2022-07-01,08:33:00,台北標準時間,-53.4,,-53.4,100.0,68.8,,12.1,3.4
D,121,2022-07-01,08:34:00,台北標準時間,-53.4,,-53.4,100.0,69.1,,12.2,3.4
D,121,2022-07-01,08:35:00,台北標準時間,-53.4,,-53.4,100.0,69.3,,12.1,3.4
D,121,2022-07-01,08:36:00,台北標準時間,-53.4,,-53.4,100.0,69.0,,12.2,3.4
D,121,2022-07-01,08:37:00,台北標準時間,-53.4,,-53.4,100.0,69.3,,12.2,3.3
D,121,2022-07-01,08:38:00,台北標準時間,-53.4,,-53.4,100.0,69.3,,12.1,3.4
D,121,2022-07-01,08:39:00,台北標準時間,-53.5,,-53.5,100.0,69.2,,12.0,3.4
D,121,2022-07-01,08:40:00,台北標準時間,-53.5,,-53.5,100.0,69.5,,12.1,3.2
D,121,2022-07-01,08:41:00,台北標準時間,-53.5,,-53.5,100.0,69.6,,12.2,3.3
D,121,2022-07-01,08:42:00,台北標準時間,-53.5,,-53.5,100.0,69.6,,12.2,3.4
D,121,2022-07-01,08:43:00,台北標準時間,-53.6,,-53.6,100.0,69.9,,12.2,3.4
D,121,2022-07-01,08:44:00,台北標準時間,-53.6,,-53.6,100.0,70.1,,12.1,3.3
D,121,2022-07-01,08:45:00,台北標準時間,-53.6,,-53.6,100.0,70.2,,12.2,3.4
D,121,2022-07-01,08:46:00,台北標準時間,-53.6,,-53.6,100.0,70.1,,12.2,3.3
D,121,2022-07-01,08:47:00,台北標準時間,-53.7,,-53.7,100.0,70.1,,12.1,3.4
D,121,2022-07-01,08:48:00,台北標準時間,-53.6,,-53.6,100.0,70.1,,12.2,3.4
D,121,2022-07-01,08:49:00,台北標準時間,-53.6,,-53.6,100.0,70.2,,12.2,3.4
D,121,2022-07-01,08:50:00,台北標準時間,-53.6,,-53.6,100.0,70.2,,12.1,3.4
D,121,2022-07-01,08:51:00,台北標準時間,-35.2,,-35.2,60.0,93.6,,13.2,4.3
D,121,2022-07-01,08:52:00,台北標準時間,-29.1,,-29.1,60.0,69.3,,13.8,6.6
D,121,2022-07-01,08:53:00,台北標準時間,-21.0,,-21.0,60.0,49.8,,13.8,9.0
D,121,2022-07-01,08:54:00,台北標準時間,-20.7,,-20.7,60.0,48.8,,13.7,9.3
D,121,2022-07-01,08:55:00,台北標準時間,-21.1,,-21.1,60.0,48.8,,13.3,9.3
D,121,2022-07-01,08:56:00,台北標準時間,-20.8,,-20.8,60.0,48.4,,13.4,9.3
D,121,2022-07-01,08:57:00,台北標準時間,-20.0,,-20.0,60.0,49.5,,14.0,10.1
D,121,2022-07-01,08:58:00,台北標準時間,-17.3,,-17.3,60.0,49.9,,14.3,10.4
D,121,2022-07-01,08:59:00,台北標準時間,-14.3,,-14.3,60.0,52.3,,13.3,9.4
D,121,2022-07-01,09:00:00,台北標準時間,-18.7,,-18.7,60.0,25.0,,19.7,17.6
D,121,2022-07-01,09:01:00,台北標準時間,0.1,,0.1,60.0,0.3,,16.2,3.4
D,121,2022-07-01,09:02:00,台北標準時間,0.2,,0.2,60.0,0.3,,1.2,0.4
D,121,2022-07-01,09:03:00,台北標準時間,0.2,,0.2,60.0,0.3,,1.2,0.4
D,121,2022-07-01,09:04:00,台北標準時間,0.2,,0.2,60.0,0.3,,1.2,0.4
D,121,2022-07-01,09:05:00,台北標準時間,0.2,,0.2,60.0,0.3,,1.2,0.4
D,121,2022-07-01,09:06:00,台北標準時間,0.2,,0.2,60.0,0.3,,1.2,0.4
D,121,2022-07-01,09:07:00,台北標準時間,0.2,,0.2,60.0,0.3,,1.2,0.4
D,121,2022-07-01,09:08:00,台北標準時間,0.2,,0.2,60.0,0.3,,1.2,0.4
D,121,2022-07-01,09:09:00,台北標準時間,0.2,,0.2,60.0,0.3,,1.2,0.4
D,121,2022-07-01,09:10:00,台北標準時間,0.2,,0.2,60.0,0.3,,1.2,0.4
D,121,2022-07-01,09:11:00,台北標準時間,0.2,,0.2,60.0,0.3,,1.2,0.4
D,121,2022-07-01,09:12:00,台北標準時間,0.2,,0.2,60.0,0.3,,1.2,0.4
D,121,2022-07-01,09:13:00,台北標準時間,0.2,,0.2,60.0,0.3,,1.2,0.4
D,121,2022-07-01,09:14:00,台北標準時間,0.2,,0.2,60.0,0.3,,1.2,0.4
D,121,2022-07-01,09:15:00,台北標準時間,0.2,,0.2,60.0,0.3,,1.2,0.4
D,121,2022-07-01,09:16:00,台北標準時間,0.2,,0.2,60.0,0.3,,1.2,0.4
D,121,2022-07-01,09:17:00,台北標準時間,0.2,,0.2,60.0,0.3,,1.2,0.4
D,121,2022-07-01,09:18:00,台北標準時間,0.2,,0.2,60.0,0.3,,1.2,0.4
D,121,2022-07-01,09:19:00,台北標準時間,0.2,,0.2,60.0,0.3,,1.2,0.4
D,121,2022-07-01,09:20:00,台北標準時間,0.2,,0.2,60.0,0.3,,1.2,0.4
D,121,2022-07-01,09:21:00,台北標準時間,0.2,,0.2,60.0,0.3,,1.2,0.4
D,121,2022-07-01,09:22:00,台北標準時間,0.2,,0.2,60.0,0.3,,1.2,0.4
D,121,2022-07-01,09:23:00,台北標準時間,0.2,,0.2,60.0,0.3,,1.2,0.4
D,121,2022-07-01,09:24:00,台北標準時間,0.2,,0.2,60.0,0.3,,1.2,0.4
D,121,2022-07-01,09:25:00,台北標準時間,0.2,,0.2,60.0,0.3,,1.2,0.4
D,121,2022-07-01,09:26:00,台北標準時間,0.2,,0.2,60.0,0.3,,1.2,0.4
D,121,2022-07-01,09:27:00,台北標準時間,0.2,,0.2,60.0,0.3,,1.2,0.4
D,121,2022-07-01,09:28:00,台北標準時間,0.2,,0.2,60.0,0.3,,1.2,0.4
D,121,2022-07-01,09:29:00,台北標準時間,0.2,,0.2,60.0,0.3,,1.2,0.4
D,121,2022-07-01,09:30:00,台北標準時間,0.2,,0.2,60.0,0.3,,1.2,0.4
D,121,2022-07-01,09:31:00,台北標準時間,0.2,,0.2,60.0,0.3,,1.2,0.4
D,121,2022-07-01,09:32:00,台北標準時間,0.2,,0.2,60.0,0.3,,1.2,0.4
D,121,2022-07-01,09:33:00,台北標準時間,0.2,,0.2,60.0,0.3,,1.2,0.4
D,121,2022-07-01,09:34:00,台北標準時間,0.2,,0.2,60.0,0.3,,1.2,0.4
D,121,2022-07-01,09:35:00,台北標準時間,-2.9,,-2.9,60.0,24.6,,16.2,3.4
D,121,2022-07-01,09:36:00,台北標準時間,-16.1,,-16.1,60.0,42.6,,14.3,5.0
D,121,2022-07-01,09:37:00,台北標準時間,-20.1,,-20.1,60.0,49.2,,13.5,7.4
D,121,2022-07-01,09:38:00,台北標準時間,-20.1,,-20.1,60.0,49.6,,13.5,7.6
D,121,2022-07-01,09:39:00,台北標準時間,-20.3,,-20.3,60.0,49.7,,13.3,7.8
D,121,2022-07-01,09:40:00,台北標準時間,-20.9,,-20.9,60.0,49.5,,14.0,7.8
D,121,2022-07-01,09:41:00,台北標準時間,-21.0,,-21.0,60.0,49.4,,13.3,7.4
D,121,2022-07-01,09:42:00,台北標準時間,-20.8,,-20.8,60.0,49.2,,13.6,7.7
D,121,2022-07-01,09:43:00,台北標準時間,-20.7,,-20.7,60.0,49.8,,13.4,7.6
D,121,2022-07-01,09:44:00,台北標準時間,-20.1,,-20.1,60.0,50.0,,13.8,7.4
D,121,2022-07-01,09:45:00,台北標準時間,-19.9,,-19.9,60.0,50.1,,13.4,7.6
D,121,2022-07-01,09:46:00,台北標準時間,-38.0,,-38.0,100.0,57.8,,14.2,6.4
D,121,2022-07-01,09:47:00,台北標準時間,-29.1,,-29.1,60.0,82.0,,13.4,4.4
D,121,2022-07-01,09:48:00,台北標準時間,-22.4,,-22.4,60.0,58.2,,14.8,7.6
D,121,2022-07-01,09:49:00,台北標準時間,-19.0,,-19.0,60.0,50.1,,13.2,9.1
D,121,2022-07-01,09:50:00,台北標準時間,-45.4,,-45.4,100.0,74.9,,12.9,3.4
D,121,2022-07-01,09:51:00,台北標準時間,-50.9,,-50.9,100.0,83.2,,12.2,3.4
D,121,2022-07-01,09:52:00,台北標準時間,-50.9,,-50.9,100.0,83.1,,12.2,3.3
D,121,2022-07-01,09:53:00,台北標準時間,-50.9,,-50.9,100.0,83.5,,12.2,3.3
D,121,2022-07-01,09:54:00,台北標準時間,-51.1,,-51.1,100.0,83.5,,12.2,3.4
D,121,2022-07-01,09:55:00,台北標準時間,-51.0,,-51.0,100.0,83.4,,12.2,3.3
D,121,2022-07-01,09:56:00,台北標準時間,-51.0,,-51.0,100.0,83.3,,12.2,3.3
D,121,2022-07-01,09:57:00,台北標準時間,-50.9,,-50.9,100.0,82.9,,12.2,3.3
D,121,2022-07-01,09:58:00,台北標準時間,-50.9,,-50.9,100.0,82.7,,12.2,3.3
D,121,2022-07-01,09:59:00,台北標準時間,-50.8,,-50.8,100.0,82.6,,12.2,3.3
D,121,2022-07-01,10:00:00,台北標準時間,-50.8,,-50.8,100.0,83.1,,12.2,3.4
D,121,2022-07-01,10:01:00,台北標準時間,-50.7,,-50.7,100.0,82.9,,12.2,3.4
D,121,2022-07-01,10:02:00,台北標準時間,-50.6,,-50.6,100.0,83.1,,12.2,3.4
D,121,2022-07-01,10:03:00,台北標準時間,-50.6,,-50.6,100.0,83.2,,12.2,3.3
D,121,2022-07-01,10:04:00,台北標準時間,-50.6,,-50.6,100.0,83.1,,12.2,3.4
D,121,2022-07-01,10:05:00,台北標準時間,-50.6,,-50.6,100.0,83.1,,12.2,3.4
D,121,2022-07-01,10:06:00,台北標準時間,-50.6,,-50.6,100.0,83.3,,12.2,3.4
D,121,2022-07-01,10:07:00,台北標準時間,-50.5,,-50.5,100.0,83.1,,12.2,3.3
D,121,2022-07-01,10:08:00,台北標準時間,-50.5,,-50.5,100.0,83.7,,12.2,3.4
D,121,2022-07-01,10:09:00,台北標準時間,-50.4,,-50.4,100.0,83.4,,12.2,3.4
D,121,2022-07-01,10:10:00,台北標準時間,-50.5,,-50.5,100.0,83.7,,12.2,3.4
D,121,2022-07-01,10:11:00,台北標準時間,-50.5,,-50.5,100.0,83.4,,12.2,3.4
D,121,2022-07-01,10:12:00,台北標準時間,-50.4,,-50.4,100.0,83.6,,12.2,3.4
D,121,2022-07-01,10:13:00,台北標準時間,-50.4,,-50.4,100.0,83.2,,12.2,3.4
D,121,2022-07-01,10:14:00,台北標準時間,-50.4,,-50.4,100.0,83.4,,12.2,3.4
D,121,2022-07-01,10:15:00,台北標準時間,-50.4,,-50.4,100.0,83.5,,12.2,3.4
D,121,2022-07-01,10:16:00,台北標準時間,-50.4,,-50.4,100.0,83.6,,12.2,3.4
D,121,2022-07-01,10:17:00,台北標準時間,-50.3,,-50.3,100.0,83.8,,12.2,3.4
D,121,2022-07-01,10:18:00,台北標準時間,-50.3,,-50.3,100.0,83.4,,12.2,3.4
D,121,2022-07-01,10:19:00,台北標準時間,-50.3,,-50.3,100.0,83.9,,12.2,3.3
D,121,2022-07-01,10:20:00,台北標準時間,-50.2,,-50.2,100.0,84.0,,12.2,3.4
D,121,2022-07-01,10:21:00,台北標準時間,-50.2,,-50.2,100.0,83.8,,12.2,3.4
D,121,2022-07-01,10:22:00,台北標準時間,-50.2,,-50.2,100.0,83.5,,12.2,3.3
D,121,2022-07-01,10:23:00,台北標準時間,-50.1,,-50.1,100.0,83.8,,12.2,3.4
D,121,2022-07-01,10:24:00,台北標準時間,-50.1,,-50.1,100.0,83.7,,12.2,3.4
D,121,2022-07-01,10:25:00,台北標準時間,-50.1,,-50.1,100.0,83.9,,12.2,3.4
D,121,2022-07-01,10:26:00,台北標準時間,-50.1,,-50.1,100.0,84.1,,12.2,3.4
D,121,2022-07-01,10:27:00,台北標準時間,-50.0,,-50.0,100.0,84.4,,12.2,3.4
D,121,2022-07-01,10:28:00,台北標準時間,-50.1,,-50.1,100.0,84.3,,12.2,3.4
D,121,2022-07-01,10:29:00,台北標準時間,-50.0,,-50.0,100.0,84.3,,12.3,3.3
D,121,2022-07-01,10:30:00,台北標準時間,-50.0,,-50.0,100.0,84.1,,12.3,3.4
D,121,2022-07-01,10:31:00,台北標準時間,-50.0,,-50.0,100.0,83.9,,12.3,3.4
D,121,2022-07-01,10:32:00,台北標準時間,-49.9,,-49.9,100.0,83.9,,12.2,3.2
D,121,2022-07-01,10:33:00,台北標準時間,-49.9,,-49.9,100.0,83.8,,12.3,3.3
D,121,2022-07-01,10:34:00,台北標準時間,-49.9,,-49.9,100.0,83.9,,12.2,3.4
D,121,2022-07-01,10:35:00,台北標準時間,-49.9,,-49.9,100.0,84.0,,12.3,3.3
D,121,2022-07-01,10:36:00,台北標準時間,-49.9,,-49.9,100.0,83.9,,12.3,3.4
D,121,2022-07-01,10:37:00,台北標準時間,-49.8,,-49.8,100.0,83.8,,12.2,3.4
D,121,2022-07-01,10:38:00,台北標準時間,-49.8,,-49.8,100.0,84.0,,12.3,3.2
D,121,2022-07-01,10:39:00,台北標準時間,-49.8,,-49.8,100.0,84.2,,12.3,3.4
D,121,2022-07-01,10:40:00,台北標準時間,-49.8,,-49.8,100.0,84.3,,12.3,3.4
D,121,2022-07-01,10:41:00,台北標準時間,-49.8,,-49.8,100.0,84.1,,12.3,3.2
D,121,2022-07-01,10:42:00,台北標準時間,-49.7,,-49.7,100.0,84.0,,12.3,3.3
D,121,2022-07-01,10:43:00,台北標準時間,-49.8,,-49.8,100.0,84.1,,12.3,3.2
D,121,2022-07-01,10:44:00,台北標準時間,-49.7,,-49.7,100.0,84.2,,12.3,3.4
D,121,2022-07-01,10:45:00,台北標準時間,-49.7,,-49.7,100.0,84.3,,12.2,3.3
D,121,2022-07-01,10:46:00,台北標準時間,-49.7,,-49.7,100.0,83.8,,12.3,3.4
D,121,2022-07-01,10:47:00,台北標準時間,-49.7,,-49.7,100.0,84.3,,12.3,3.3
D,121,2022-07-01,10:48:00,台北標準時間,-49.7,,-49.7,100.0,84.2,,12.3,3.3
D,121,2022-07-01,10:49:00,台北標準時間,-49.7,,-49.7,100.0,84.1,,12.3,3.1
D,121,2022-07-01,10:50:00,台北標準時間,-49.6,,-49.6,100.0,84.1,,12.3,3.4
D,121,2022-07-01,10:51:00,台北標準時間,-49.6,,-49.6,100.0,84.2,,12.3,3.1
D,121,2022-07-01,10:52:00,台北標準時間,-49.6,,-49.6,100.0,83.9,,12.3,3.4
D,121,2022-07-01,10:53:00,台北標準時間,-49.6,,-49.6,100.0,84.2,,12.3,3.3
D,121,2022-07-01,10:54:00,台北標準時間,-49.6,,-49.6,100.0,84.6,,12.3,3.2
D,121,2022-07-01,10:55:00,台北標準時間,-49.6,,-49.6,100.0,84.1,,12.3,3.3
D,121,2022-07-01,10:56:00,台北標準時間,-49.6,,-49.6,100.0,84.5,,12.3,3.1
D,121,2022-07-01,10:57:00,台北標準時間,-49.6,,-49.6,100.0,84.8,,12.3,3.2
D,121,2022-07-01,10:58:00,台北標準時間,-49.6,,-49.6,100.0,84.8,,12.3,3.4
D,121,2022-07-01,10:59:00,台北標準時間,-49.6,,-49.6,100.0,84.5,,12.3,3.3
D,121,2022-07-01,11:00:00,台北標準時間,-49.6,,-49.6,100.0,83.7,,12.3,3.2
D,121,2022-07-01,11:01:00,台北標準時間,-49.6,,-49.6,100.0,83.7,,12.3,3.4
D,121,2022-07-01,11:02:00,台北標準時間,-49.5,,-49.5,100.0,83.2,,12.3,3.3
D,121,2022-07-01,11:03:00,台北標準時間,-49.5,,-49.5,100.0,83.3,,12.3,3.3
D,121,2022-07-01,11:04:00,台北標準時間,-49.5,,-49.5,100.0,83.2,,12.3,3.3
D,121,2022-07-01,11:05:00,台北標準時間,-49.5,,-49.5,100.0,83.8,,12.3,3.3
D,121,2022-07-01,11:06:00,台北標準時間,-49.5,,-49.5,100.0,83.8,,12.3,3.3
D,121,2022-07-01,11:07:00,台北標準時間,-49.5,,-49.5,100.0,84.0,,12.3,3.2
D,121,2022-07-01,11:08:00,台北標準時間,-49.5,,-49.5,100.0,84.1,,12.3,3.3
D,121,2022-07-01,11:09:00,台北標準時間,-49.4,,-49.4,100.0,84.0,,12.3,2.8
D,121,2022-07-01,11:10:00,台北標準時間,-49.5,,-49.5,100.0,84.2,,12.3,3.3
D,121,2022-07-01,11:11:00,台北標準時間,-49.5,,-49.5,100.0,83.7,,12.3,3.3
D,121,2022-07-01,11:12:00,台北標準時間,-49.4,,-49.4,100.0,83.7,,12.3,3.3
D,121,2022-07-01,11:13:00,台北標準時間,-49.4,,-49.4,100.0,83.8,,12.3,3.3
D,121,2022-07-01,11:14:00,台北標準時間,-49.4,,-49.4,100.0,84.0,,12.3,3.1
D,121,2022-07-01,11:15:00,台北標準時間,-49.3,,-49.3,100.0,83.6,,12.2,3.2
D,121,2022-07-01,11:16:00,台北標準時間,-49.4,,-49.4,100.0,83.6,,12.3,3.3
D,121,2022-07-01,11:17:00,台北標準時間,-49.4,,-49.4,100.0,83.9,,12.3,3.1
D,121,2022-07-01,11:18:00,台北標準時間,-49.3,,-49.3,100.0,83.8,,12.3,3.0
D,121,2022-07-01,11:19:00,台北標準時間,-49.3,,-49.3,100.0,83.9,,12.3,3.2
D,121,2022-07-01,11:20:00,台北標準時間,-49.3,,-49.3,100.0,83.8,,12.3,3.4
D,121,2022-07-01,11:21:00,台北標準時間,-49.3,,-49.3,100.0,83.9,,12.3,3.2
D,121,2022-07-01,11:22:00,台北標準時間,-49.4,,-49.4,100.0,83.7,,12.3,3.3
D,121,2022-07-01,11:23:00,台北標準時間,-49.3,,-49.3,100.0,83.9,,12.3,3.1
D,121,2022-07-01,11:24:00,台北標準時間,-49.2,,-49.2,100.0,83.9,,12.3,3.4
D,121,2022-07-01,11:25:00,台北標準時間,-49.3,,-49.3,100.0,83.7,,12.3,3.3
D,121,2022-07-01,11:26:00,台北標準時間,-49.2,,-49.2,100.0,83.8,,12.3,3.3
D,121,2022-07-01,11:27:00,台北標準時間,-49.2,,-49.2,100.0,83.9,,12.3,3.4
D,121,2022-07-01,11:28:00,台北標準時間,-49.2,,-49.2,100.0,83.8,,12.3,3.4
D,121,2022-07-01,11:29:00,台北標準時間,-49.2,,-49.2,100.0,83.5,,12.3,3.1
D,121,2022-07-01,11:30:00,台北標準時間,-49.2,,-49.2,100.0,83.8,,12.3,3.1
D,121,2022-07-01,11:31:00,台北標準時間,-49.2,,-49.2,100.0,83.7,,12.3,2.9
D,121,2022-07-01,11:32:00,台北標準時間,-49.2,,-49.2,100.0,83.7,,12.3,3.2
D,121,2022-07-01,11:33:00,台北標準時間,-49.2,,-49.2,100.0,83.7,,12.3,3.3
D,121,2022-07-01,11:34:00,台北標準時間,-49.2,,-49.2,100.0,84.0,,12.3,3.4
D,121,2022-07-01,11:35:00,台北標準時間,-49.2,,-49.2,100.0,83.8,,12.2,2.9
D,121,2022-07-01,11:36:00,台北標準時間,-49.2,,-49.2,100.0,83.5,,12.3,2.8
D,121,2022-07-01,11:37:00,台北標準時間,-49.1,,-49.1,100.0,83.7,,12.3,3.0
D,121,2022-07-01,11:38:00,台北標準時間,-49.2,,-49.2,100.0,83.8,,12.3,3.2
D,121,2022-07-01,11:39:00,台北標準時間,-49.2,,-49.2,100.0,83.6,,12.3,3.1
D,121,2022-07-01,11:40:00,台北標準時間,-49.2,,-49.2,100.0,83.8,,12.3,3.4
D,121,2022-07-01,11:41:00,台北標準時間,-49.1,,-49.1,100.0,83.9,,12.3,2.9
D,121,2022-07-01,11:42:00,台北標準時間,-49.1,,-49.1,100.0,83.9,,12.3,3.1
D,121,2022-07-01,11:43:00,台北標準時間,-49.1,,-49.1,100.0,83.9,,12.3,2.8
D,121,2022-07-01,11:44:00,台北標準時間,-49.2,,-49.2,100.0,83.6,,12.3,3.2
D,121,2022-07-01,11:45:00,台北標準時間,-49.1,,-49.1,100.0,83.7,,12.3,2.8
D,121,2022-07-01,11:46:00,台北標準時間,-49.1,,-49.1,100.0,83.4,,12.3,2.9
D,121,2022-07-01,11:47:00,台北標準時間,-49.1,,-49.1,100.0,83.8,,12.3,3.2
D,121,2022-07-01,11:48:00,台北標準時間,-49.1,,-49.1,100.0,83.7,,12.3,3.3
D,121,2022-07-01,11:49:00,台北標準時間,-49.1,,-49.1,100.0,83.8,,12.3,3.0
D,121,2022-07-01,11:50:00,台北標準時間,-49.1,,-49.1,100.0,83.8,,12.3,3.1
D,121,2022-07-01,11:51:00,台北標準時間,-49.1,,-49.1,100.0,83.7,,12.3,3.3
D,121,2022-07-01,11:52:00,台北標準時間,-49.0,,-49.0,100.0,83.6,,12.3,2.7
D,121,2022-07-01,11:53:00,台北標準時間,-49.1,,-49.1,100.0,84.0,,12.3,3.2
D,121,2022-07-01,11:54:00,台北標準時間,-49.0,,-49.0,100.0,83.8,,12.3,3.4
D,121,2022-07-01,11:55:00,台北標準時間,-49.0,,-49.0,100.0,84.0,,12.3,3.2
D,121,2022-07-01,11:56:00,台北標準時間,-49.0,,-49.0,100.0,83.4,,12.3,3.0
D,121,2022-07-01,11:57:00,台北標準時間,-49.0,,-49.0,100.0,83.9,,12.3,2.8
D,121,2022-07-01,11:58:00,台北標準時間,-49.0,,-49.0,100.0,84.2,,12.3,3.1
D,121,2022-07-01,11:59:00,台北標準時間,-49.0,,-49.0,100.0,83.8,,12.3,3.2
D,121,2022-07-01,12:00:00,台北標準時間,-49.0,,-49.0,100.0,83.9,,12.3,3.2
D,121,2022-07-01,12:01:00,台北標準時間,-49.0,,-49.0,100.0,83.5,,12.3,2.8
D,121,2022-07-01,12:02:00,台北標準時間,-49.0,,-49.0,100.0,83.3,,12.3,2.8
D,121,2022-07-01,12:03:00,台北標準時間,-49.0,,-49.0,100.0,83.8,,12.3,2.8
D,121,2022-07-01,12:04:00,台北標準時間,-49.0,,-49.0,100.0,83.7,,12.3,2.9
D,121,2022-07-01,12:05:00,台北標準時間,-49.0,,-49.0,100.0,83.6,,12.3,2.9
D,121,2022-07-01,12:06:00,台北標準時間,-49.0,,-49.0,100.0,83.5,,12.3,2.8
D,121,2022-07-01,12:07:00,台北標準時間,-49.0,,-49.0,100.0,83.0,,12.3,2.6
D,121,2022-07-01,12:08:00,台北標準時間,-49.0,,-49.0,100.0,83.5,,12.2,3.3
D,121,2022-07-01,12:09:00,台北標準時間,-49.0,,-49.0,100.0,83.4,,12.3,3.2
D,121,2022-07-01,12:10:00,台北標準時間,-49.0,,-49.0,100.0,83.3,,12.3,2.7
D,121,2022-07-01,12:11:00,台北標準時間,-49.0,,-49.0,100.0,83.0,,12.3,3.1
D,121,2022-07-01,12:12:00,台北標準時間,-48.9,,-48.9,100.0,83.9,,12.3,3.1
D,121,2022-07-01,12:13:00,台北標準時間,-48.9,,-48.9,100.0,84.0,,12.3,3.1
D,121,2022-07-01,12:14:00,台北標準時間,-48.9,,-48.9,100.0,84.2,,12.3,3.1
D,121,2022-07-01,12:15:00,台北標準時間,-48.9,,-48.9,100.0,84.2,,12.3,2.6
D,121,2022-07-01,12:16:00,台北標準時間,-48.9,,-48.9,100.0,84.3,,12.3,3.0
D,121,2022-07-01,12:17:00,台北標準時間,-48.9,,-48.9,100.0,84.2,,12.3,2.8
D,121,2022-07-01,12:18:00,台北標準時間,-48.9,,-48.9,100.0,84.4,,12.3,2.8
D,121,2022-07-01,12:19:00,台北標準時間,-48.9,,-48.9,100.0,84.4,,12.3,3.0
D,121,2022-07-01,12:20:00,台北標準時間,-48.9,,-48.9,100.0,83.9,,12.3,3.3
D,121,2022-07-01,12:21:00,台北標準時間,-48.9,,-48.9,100.0,84.2,,12.3,2.9
D,121,2022-07-01,12:22:00,台北標準時間,-48.9,,-48.9,100.0,84.3,,12.3,2.9
D,121,2022-07-01,12:23:00,台北標準時間,-48.9,,-48.9,100.0,84.3,,12.3,3.2
D,121,2022-07-01,12:24:00,台北標準時間,-48.9,,-48.9,100.0,84.5,,12.3,2.8
D,121,2022-07-01,12:25:00,台北標準時間,-48.9,,-48.9,100.0,84.2,,12.3,2.8
D,121,2022-07-01,12:26:00,台北標準時間,-48.9,,-48.9,100.0,84.6,,12.3,2.9
D,121,2022-07-01,12:27:00,台北標準時間,-48.9,,-48.9,100.0,84.4,,12.3,2.6
D,121,2022-07-01,12:28:00,台北標準時間,-48.9,,-48.9,100.0,84.6,,12.3,2.9
D,121,2022-07-01,12:29:00,台北標準時間,-48.8,,-48.8,100.0,84.3,,12.3,3.2
D,121,2022-07-01,12:30:00,台北標準時間,-48.8,,-48.8,100.0,84.2,,12.3,3.1
D,121,2022-07-01,12:31:00,台北標準時間,-48.8,,-48.8,100.0,84.3,,12.3,2.9
D,121,2022-07-01,12:32:00,台北標準時間,-48.9,,-48.9,100.0,84.3,,12.3,2.8
D,121,2022-07-01,12:33:00,台北標準時間,-48.8,,-48.8,100.0,83.9,,12.2,3.3
D,121,2022-07-01,12:34:00,台北標準時間,-48.8,,-48.8,100.0,84.0,,12.3,2.8
D,121,2022-07-01,12:35:00,台北標準時間,-48.8,,-48.8,100.0,84.4,,12.3,2.8
D,121,2022-07-01,12:36:00,台北標準時間,-48.8,,-48.8,100.0,84.1,,12.3,3.4
D,121,2022-07-01,12:37:00,台北標準時間,-48.8,,-48.8,100.0,84.1,,12.3,2.9
D,121,2022-07-01,12:38:00,台北標準時間,-48.8,,-48.8,100.0,84.0,,12.3,2.8
D,121,2022-07-01,12:39:00,台北標準時間,-48.7,,-48.7,100.0,84.1,,12.3,3.0
D,121,2022-07-01,12:40:00,台北標準時間,-48.7,,-48.7,100.0,84.2,,12.3,2.6
D,121,2022-07-01,12:41:00,台北標準時間,-48.8,,-48.8,100.0,83.9,,12.3,3.1
D,121,2022-07-01,12:42:00,台北標準時間,-48.8,,-48.8,100.0,84.3,,12.3,2.9
D,121,2022-07-01,12:43:00,台北標準時間,-48.8,,-48.8,100.0,84.4,,12.3,2.8
D,121,2022-07-01,12:44:00,台北標準時間,-48.8,,-48.8,100.0,84.4,,12.3,2.7
D,121,2022-07-01,12:45:00,台北標準時間,-48.8,,-48.8,100.0,83.7,,12.3,3.1
D,121,2022-07-01,12:46:00,台北標準時間,-48.8,,-48.8,100.0,84.3,,12.3,2.6
D,121,2022-07-01,12:47:00,台北標準時間,-48.8,,-48.8,100.0,84.2,,12.3,2.9
D,121,2022-07-01,12:48:00,台北標準時間,-48.7,,-48.7,100.0,84.2,,12.3,2.6
D,121,2022-07-01,12:49:00,台北標準時間,-48.7,,-48.7,100.0,84.5,,12.2,2.9
D,121,2022-07-01,12:50:00,台北標準時間,-48.7,,-48.7,100.0,84.2,,12.3,2.8
D,121,2022-07-01,12:51:00,台北標準時間,-48.7,,-48.7,100.0,84.8,,12.3,2.9
D,121,2022-07-01,12:52:00,台北標準時間,-48.7,,-48.7,100.0,84.7,,12.3,3.0
D,121,2022-07-01,12:53:00,台北標準時間,-48.7,,-48.7,100.0,84.6,,12.3,3.2
D,121,2022-07-01,12:54:00,台北標準時間,-48.7,,-48.7,100.0,84.6,,12.3,2.7
D,121,2022-07-01,12:55:00,台北標準時間,-48.7,,-48.7,100.0,84.7,,12.3,2.7
D,121,2022-07-01,12:56:00,台北標準時間,-48.7,,-48.7,100.0,84.7,,12.3,3.1
D,121,2022-07-01,12:57:00,台北標準時間,-48.7,,-48.7,100.0,83.9,,12.3,2.8
D,121,2022-07-01,12:58:00,台北標準時間,-48.7,,-48.7,100.0,83.8,,12.3,2.8
D,121,2022-07-01,12:59:00,台北標準時間,-48.7,,-48.7,100.0,84.1,,12.3,3.4
D,121,2022-07-01,13:00:00,台北標準時間,-48.7,,-48.7,100.0,84.3,,12.3,2.8
D,121,2022-07-01,13:01:00,台北標準時間,-48.6,,-48.6,100.0,84.5,,12.3,3.3
D,121,2022-07-01,13:02:00,台北標準時間,-48.7,,-48.7,100.0,84.5,,12.3,3.2
D,121,2022-07-01,13:03:00,台北標準時間,-48.7,,-48.7,100.0,84.4,,12.3,3.3
D,121,2022-07-01,13:04:00,台北標準時間,-48.7,,-48.7,100.0,84.7,,12.3,2.9
D,121,2022-07-01,13:05:00,台北標準時間,-48.6,,-48.6,100.0,84.6,,12.3,3.2
D,121,2022-07-01,13:06:00,台北標準時間,-48.7,,-48.7,100.0,84.3,,12.3,2.9
D,121,2022-07-01,13:07:00,台北標準時間,-48.6,,-48.6,100.0,84.7,,12.3,3.0
D,121,2022-07-01,13:08:00,台北標準時間,-48.6,,-48.6,100.0,84.2,,12.3,2.9
D,121,2022-07-01,13:09:00,台北標準時間,-48.6,,-48.6,100.0,84.2,,12.3,3.1
D,121,2022-07-01,13:10:00,台北標準時間,-48.6,,-48.6,100.0,84.2,,12.3,2.6
D,121,2022-07-01,13:11:00,台北標準時間,-48.6,,-48.6,100.0,84.1,,12.3,2.8
D,121,2022-07-01,13:12:00,台北標準時間,-48.6,,-48.6,100.0,83.6,,12.3,2.9
D,121,2022-07-01,13:13:00,台北標準時間,-48.6,,-48.6,100.0,83.7,,12.3,2.9
D,121,2022-07-01,13:14:00,台北標準時間,-48.6,,-48.6,100.0,83.7,,12.3,2.7
D,121,2022-07-01,13:15:00,台北標準時間,-48.6,,-48.6,100.0,83.5,,12.3,3.1
D,121,2022-07-01,13:16:00,台北標準時間,-48.6,,-48.6,100.0,83.9,,12.3,2.8
D,121,2022-07-01,13:17:00,台北標準時間,-48.6,,-48.6,100.0,84.0,,12.3,2.9
D,121,2022-07-01,13:18:00,台北標準時間,-48.6,,-48.6,100.0,83.9,,12.3,3.0
D,121,2022-07-01,13:19:00,台北標準時間,-48.5,,-48.5,100.0,84.2,,12.3,3.0
D,121,2022-07-01,13:20:00,台北標準時間,-48.5,,-48.5,100.0,83.9,,12.3,3.0
D,121,2022-07-01,13:21:00,台北標準時間,-48.5,,-48.5,100.0,83.9,,12.3,2.7
D,121,2022-07-01,13:22:00,台北標準時間,-48.5,,-48.5,100.0,83.8,,12.3,2.6
D,121,2022-07-01,13:23:00,台北標準時間,-48.5,,-48.5,100.0,83.8,,12.3,2.7
D,121,2022-07-01,13:24:00,台北標準時間,-48.5,,-48.5,100.0,83.7,,12.3,2.6
D,121,2022-07-01,13:25:00,台北標準時間,-48.5,,-48.5,100.0,83.7,,12.3,3.0
D,121,2022-07-01,13:26:00,台北標準時間,-48.5,,-48.5,100.0,83.6,,12.3,2.6
D,121,2022-07-01,13:27:00,台北標準時間,-48.5,,-48.5,100.0,83.8,,12.3,2.8
D,121,2022-07-01,13:28:00,台北標準時間,-48.5,,-48.5,100.0,83.6,,12.3,2.6
D,121,2022-07-01,13:29:00,台北標準時間,-48.5,,-48.5,100.0,83.5,,12.3,2.8
D,121,2022-07-01,13:30:00,台北標準時間,-48.5,,-48.5,100.0,83.8,,12.3,2.9
D,121,2022-07-01,13:31:00,台北標準時間,-48.5,,-48.5,100.0,83.7,,12.3,3.3
D,121,2022-07-01,13:32:00,台北標準時間,-48.5,,-48.5,100.0,83.7,,12.3,3.1
D,121,2022-07-01,13:33:00,台北標準時間,-48.5,,-48.5,100.0,84.1,,12.3,2.9
D,121,2022-07-01,13:34:00,台北標準時間,-48.5,,-48.5,100.0,84.3,,12.3,2.6
D,121,2022-07-01,13:35:00,台北標準時間,-48.5,,-48.5,100.0,84.2,,12.3,2.6
D,121,2022-07-01,13:36:00,台北標準時間,-48.5,,-48.5,100.0,84.1,,12.3,2.9
D,121,2022-07-01,13:37:00,台北標準時間,-48.5,,-48.5,100.0,83.7,,12.3,3.1
D,121,2022-07-01,13:38:00,台北標準時間,-48.5,,-48.5,100.0,84.2,,12.3,3.1
D,121,2022-07-01,13:39:00,台北標準時間,-48.5,,-48.5,100.0,83.8,,12.3,2.8
D,121,2022-07-01,13:40:00,台北標準時間,-48.5,,-48.5,100.0,84.1,,12.3,3.2
D,121,2022-07-01,13:41:00,台北標準時間,-48.5,,-48.5,100.0,84.1,,12.3,2.8
D,121,2022-07-01,13:42:00,台北標準時間,-48.5,,-48.5,100.0,83.9,,12.3,2.9
D,121,2022-07-01,13:43:00,台北標準時間,-48.6,,-48.6,100.0,84.4,,12.3,3.2
D,121,2022-07-01,13:44:00,台北標準時間,-48.5,,-48.5,100.0,84.0,,12.3,2.7
D,121,2022-07-01,13:45:00,台北標準時間,-48.5,,-48.5,100.0,84.2,,12.3,2.9
D,121,2022-07-01,13:46:00,台北標準時間,-48.6,,-48.6,100.0,84.2,,12.3,3.2
D,121,2022-07-01,13:47:00,台北標準時間,-48.5,,-48.5,100.0,83.7,,12.3,2.8
D,121,2022-07-01,13:48:00,台北標準時間,-48.5,,-48.5,100.0,84.0,,12.3,2.8
D,121,2022-07-01,13:49:00,台北標準時間,-48.5,,-48.5,100.0,83.8,,12.3,2.8
D,121,2022-07-01,13:50:00,台北標準時間,-48.5,,-48.5,100.0,84.0,,12.3,2.7
D,121,2022-07-01,13:51:00,台北標準時間,-48.5,,-48.5,100.0,84.1,,12.3,3.1
D,121,2022-07-01,13:52:00,台北標準時間,-48.5,,-48.5,100.0,84.4,,12.3,2.8
D,121,2022-07-01,13:53:00,台北標準時間,-48.5,,-48.5,100.0,84.1,,12.3,2.9
D,121,2022-07-01,13:54:00,台北標準時間,-48.4,,-48.4,100.0,84.1,,12.3,3.1
D,121,2022-07-01,13:55:00,台北標準時間,-48.4,,-48.4,100.0,83.9,,12.3,2.7
D,121,2022-07-01,13:56:00,台北標準時間,-48.4,,-48.4,100.0,83.9,,12.3,2.9
D,121,2022-07-01,13:57:00,台北標準時間,-48.4,,-48.4,100.0,83.9,,12.3,2.7
D,121,2022-07-01,13:58:00,台北標準時間,-48.4,,-48.4,100.0,84.3,,12.3,2.9
D,121,2022-07-01,13:59:00,台北標準時間,-48.5,,-48.5,100.0,84.1,,12.3,2.7
D,121,2022-07-01,14:00:00,台北標準時間,-48.5,,-48.5,100.0,84.1,,12.3,2.7
D,121,2022-07-01,14:01:00,台北標準時間,-48.5,,-48.5,100.0,84.0,,12.3,2.8
D,121,2022-07-01,14:02:00,台北標準時間,-48.5,,-48.5,100.0,84.2,,12.3,2.7
D,121,2022-07-01,14:03:00,台北標準時間,-48.5,,-48.5,100.0,83.9,,12.3,2.6
D,121,2022-07-01,14:04:00,台北標準時間,-48.4,,-48.4,100.0,84.0,,12.3,3.1
D,121,2022-07-01,14:05:00,台北標準時間,-48.4,,-48.4,100.0,83.8,,12.3,2.7
D,121,2022-07-01,14:06:00,台北標準時間,-48.4,,-48.4,100.0,83.4,,12.3,2.6
D,121,2022-07-01,14:07:00,台北標準時間,-48.4,,-48.4,100.0,84.0,,12.3,3.3
D,121,2022-07-01,14:08:00,台北標準時間,-48.4,,-48.4,100.0,84.1,,12.3,2.7
D,121,2022-07-01,14:09:00,台北標準時間,-48.4,,-48.4,100.0,84.3,,12.3,2.8
D,121,2022-07-01,14:10:00,台北標準時間,-48.4,,-48.4,100.0,84.5,,12.2,2.7
D,121,2022-07-01,14:11:00,台北標準時間,-48.4,,-48.4,100.0,84.2,,12.3,2.9
D,121,2022-07-01,14:12:00,台北標準時間,-48.4,,-48.4,100.0,84.2,,12.3,2.8
D,121,2022-07-01,14:13:00,台北標準時間,-28.2,,-28.2,60.0,89.5,,13.3,4.1
D,121,2022-07-01,14:14:00,台北標準時間,-49.0,,-49.0,100.0,83.8,,12.3,2.7
D,121,2022-07-01,14:15:00,台北標準時間,-49.0,,-49.0,100.0,83.7,,12.3,2.9
D,121,2022-07-01,14:16:00,台北標準時間,-48.9,,-48.9,100.0,83.5,,12.3,2.8
D,121,2022-07-01,14:17:00,台北標準時間,-48.9,,-48.9,100.0,84.3,,12.3,2.8
D,121,2022-07-01,14:18:00,台北標準時間,-48.9,,-48.9,100.0,84.5,,12.3,2.8
D,121,2022-07-01,14:19:00,台北標準時間,-48.8,,-48.8,100.0,84.4,,12.3,3.1
D,121,2022-07-01,14:20:00,台北標準時間,-48.8,,-48.8,100.0,84.6,,12.3,3.2
D,121,2022-07-01,14:21:00,台北標準時間,-48.8,,-48.8,100.0,85.2,,12.3,3.0
D,121,2022-07-01,14:22:00,台北標準時間,-48.8,,-48.8,100.0,84.4,,12.3,3.1
D,121,2022-07-01,14:23:00,台北標準時間,-48.9,,-48.9,100.0,84.7,,12.3,2.6
D,121,2022-07-01,14:24:00,台北標準時間,-48.8,,-48.8,100.0,84.4,,12.3,3.0
D,121,2022-07-01,14:25:00,台北標準時間,-48.8,,-48.8,100.0,84.8,,12.3,2.9
D,121,2022-07-01,14:26:00,台北標準時間,-48.8,,-48.8,100.0,84.3,,12.3,2.8
D,121,2022-07-01,14:27:00,台北標準時間,-48.8,,-48.8,100.0,84.9,,12.3,2.9
D,121,2022-07-01,14:28:00,台北標準時間,-48.8,,-48.8,100.0,84.4,,12.3,2.9
D,121,2022-07-01,14:29:00,台北標準時間,-48.8,,-48.8,100.0,84.5,,12.3,3.4
D,121,2022-07-01,14:30:00,台北標準時間,-48.8,,-48.8,100.0,85.0,,12.3,3.3
D,121,2022-07-01,14:31:00,台北標準時間,-48.8,,-48.8,100.0,85.1,,12.3,2.9
D,121,2022-07-01,14:32:00,台北標準時間,-48.8,,-48.8,100.0,84.7,,12.3,3.2
D,121,2022-07-01,14:33:00,台北標準時間,-48.7,,-48.7,100.0,84.8,,12.3,3.2
D,121,2022-07-01,14:34:00,台北標準時間,-48.8,,-48.8,100.0,84.7,,12.3,2.8
D,121,2022-07-01,14:35:00,台北標準時間,-48.8,,-48.8,100.0,84.6,,12.3,2.8
D,121,2022-07-01,14:36:00,台北標準時間,-48.8,,-48.8,100.0,85.0,,12.3,2.9
D,121,2022-07-01,14:37:00,台北標準時間,-48.7,,-48.7,100.0,84.8,,12.3,3.1
D,121,2022-07-01,14:38:00,台北標準時間,-48.7,,-48.7,100.0,84.8,,12.3,2.8
D,121,2022-07-01,14:39:00,台北標準時間,-48.7,,-48.7,100.0,84.5,,12.3,2.6
D,121,2022-07-01,14:40:00,台北標準時間,-48.7,,-48.7,100.0,84.6,,12.3,2.8
D,121,2022-07-01,14:41:00,台北標準時間,-48.7,,-48.7,100.0,84.8,,12.3,2.9
D,121,2022-07-01,14:42:00,台北標準時間,-48.7,,-48.7,100.0,84.5,,12.3,3.1
D,121,2022-07-01,14:43:00,台北標準時間,-48.6,,-48.6,100.0,84.6,,12.3,2.8
D,121,2022-07-01,14:44:00,台北標準時間,-48.6,,-48.6,100.0,84.5,,12.3,3.1
D,121,2022-07-01,14:45:00,台北標準時間,-48.7,,-48.7,100.0,84.5,,12.3,3.1
D,121,2022-07-01,14:46:00,台北標準時間,-48.6,,-48.6,100.0,83.8,,12.3,2.6
D,121,2022-07-01,14:47:00,台北標準時間,-48.6,,-48.6,100.0,84.2,,12.3,3.0
D,121,2022-07-01,14:48:00,台北標準時間,-48.6,,-48.6,100.0,83.7,,12.3,3.1
D,121,2022-07-01,14:49:00,台北標準時間,-48.6,,-48.6,100.0,84.2,,12.3,3.3
D,121,2022-07-01,14:50:00,台北標準時間,-48.6,,-48.6,100.0,83.8,,12.3,3.0
D,121,2022-07-01,14:51:00,台北標準時間,-48.6,,-48.6,100.0,84.3,,12.3,2.7
D,121,2022-07-01,14:52:00,台北標準時間,-48.6,,-48.6,100.0,84.3,,12.2,2.7
D,121,2022-07-01,14:53:00,台北標準時間,-48.6,,-48.6,100.0,84.3,,12.3,2.9
D,121,2022-07-01,14:54:00,台北標準時間,-48.5,,-48.5,100.0,84.3,,12.3,2.8
D,121,2022-07-01,14:55:00,台北標準時間,-48.6,,-48.6,100.0,84.3,,12.3,3.0
D,121,2022-07-01,14:56:00,台北標準時間,-48.5,,-48.5,100.0,84.0,,12.3,2.7
D,121,2022-07-01,14:57:00,台北標準時間,-48.5,,-48.5,100.0,84.3,,12.3,3.2
D,121,2022-07-01,14:58:00,台北標準時間,-48.5,,-48.5,100.0,84.3,,12.3,2.7
D,121,2022-07-01,14:59:00,台北標準時間,-48.5,,-48.5,100.0,83.7,,12.3,2.8
D,121,2022-07-01,15:00:00,台北標準時間,-48.5,,-48.5,100.0,84.0,,12.3,3.0
D,121,2022-07-01,15:01:00,台北標準時間,-48.5,,-48.5,100.0,84.6,,12.3,3.2
D,121,2022-07-01,15:02:00,台北標準時間,-48.5,,-48.5,100.0,83.7,,12.3,3.1
D,121,2022-07-01,15:03:00,台北標準時間,-48.4,,-48.4,100.0,83.9,,12.3,2.8
D,121,2022-07-01,15:04:00,台北標準時間,-48.5,,-48.5,100.0,83.6,,12.3,2.8
D,121,2022-07-01,15:05:00,台北標準時間,-48.5,,-48.5,100.0,83.7,,12.3,3.1
D,121,2022-07-01,15:06:00,台北標準時間,-48.5,,-48.5,100.0,84.0,,12.3,3.1
D,121,2022-07-01,15:07:00,台北標準時間,-48.4,,-48.4,100.0,83.6,,12.3,3.1
D,121,2022-07-01,15:08:00,台北標準時間,-48.4,,-48.4,100.0,84.9,,12.3,3.1
D,121,2022-07-01,15:09:00,台北標準時間,-48.4,,-48.4,100.0,84.7,,12.3,2.9
D,121,2022-07-01,15:10:00,台北標準時間,-48.4,,-48.4,100.0,84.8,,12.3,3.0
D,121,2022-07-01,15:11:00,台北標準時間,-48.4,,-48.4,100.0,84.6,,12.3,3.0
D,121,2022-07-01,15:12:00,台北標準時間,-48.4,,-48.4,100.0,85.0,,12.3,2.9
D,121,2022-07-01,15:13:00,台北標準時間,-48.4,,-48.4,100.0,84.9,,12.3,2.7
D,121,2022-07-01,15:14:00,台北標準時間,-48.4,,-48.4,100.0,84.6,,12.3,3.1
D,121,2022-07-01,15:15:00,台北標準時間,-48.3,,-48.3,100.0,84.6,,12.3,2.8
D,121,2022-07-01,15:16:00,台北標準時間,-48.3,,-48.3,100.0,85.0,,12.3,2.8
D,121,2022-07-01,15:17:00,台北標準時間,-48.4,,-48.4,100.0,84.5,,12.3,3.0
D,121,2022-07-01,15:18:00,台北標準時間,-48.3,,-48.3,100.0,84.6,,12.3,2.7
D,121,2022-07-01,15:19:00,台北標準時間,-48.3,,-48.3,100.0,84.4,,12.3,2.8
D,121,2022-07-01,15:20:00,台北標準時間,-48.3,,-48.3,100.0,84.2,,12.3,3.1
D,121,2022-07-01,15:21:00,台北標準時間,-48.3,,-48.3,100.0,84.7,,12.3,2.9
D,121,2022-07-01,15:22:00,台北標準時間,-48.3,,-48.3,100.0,84.7,,12.3,2.8
D,121,2022-07-01,15:23:00,台北標準時間,-48.3,,-48.3,100.0,84.4,,12.3,2.8
D,121,2022-07-01,15:24:00,台北標準時間,-48.2,,-48.2,100.0,84.4,,12.3,3.1
D,121,2022-07-01,15:25:00,台北標準時間,-48.3,,-48.3,100.0,84.1,,12.3,3.0
D,121,2022-07-01,15:26:00,台北標準時間,-48.2,,-48.2,100.0,84.2,,12.3,3.0
D,121,2022-07-01,15:27:00,台北標準時間,-48.3,,-48.3,100.0,84.5,,12.3,3.1
D,121,2022-07-01,15:28:00,台北標準時間,-48.2,,-48.2,100.0,84.2,,12.3,2.9
D,121,2022-07-01,15:29:00,台北標準時間,-48.2,,-48.2,100.0,84.2,,12.3,3.0
D,121,2022-07-01,15:30:00,台北標準時間,-48.2,,-48.2,100.0,84.2,,12.3,3.2
D,121,2022-07-01,15:31:00,台北標準時間,-48.2,,-48.2,100.0,84.2,,12.3,2.8
D,121,2022-07-01,15:32:00,台北標準時間,-48.2,,-48.2,100.0,84.1,,12.3,2.7
D,121,2022-07-01,15:33:00,台北標準時間,-48.2,,-48.2,100.0,84.3,,12.3,2.8
D,121,2022-07-01,15:34:00,台北標準時間,-48.1,,-48.1,100.0,83.8,,12.2,2.6
D,121,2022-07-01,15:35:00,台北標準時間,-48.2,,-48.2,100.0,84.2,,12.3,3.0
D,121,2022-07-01,15:36:00,台北標準時間,-48.2,,-48.2,100.0,84.2,,12.2,2.9
D,121,2022-07-01,15:37:00,台北標準時間,-48.2,,-48.2,100.0,84.1,,12.3,2.6
D,121,2022-07-01,15:38:00,台北標準時間,-48.2,,-48.2,100.0,84.0,,12.3,3.1
D,121,2022-07-01,15:39:00,台北標準時間,-48.1,,-48.1,100.0,84.2,,12.3,3.0
D,121,2022-07-01,15:40:00,台北標準時間,-48.2,,-48.2,100.0,83.5,,12.3,2.9
D,121,2022-07-01,15:41:00,台北標準時間,-48.2,,-48.2,100.0,83.5,,12.2,2.7
D,121,2022-07-01,15:42:00,台北標準時間,-48.2,,-48.2,100.0,84.2,,12.3,2.8
D,121,2022-07-01,15:43:00,台北標準時間,-48.2,,-48.2,100.0,84.7,,12.3,2.7
D,121,2022-07-01,15:44:00,台北標準時間,-48.2,,-48.2,100.0,84.7,,12.3,2.6
D,121,2022-07-01,15:45:00,台北標準時間,-48.2,,-48.2,100.0,84.6,,12.3,3.1
D,121,2022-07-01,15:46:00,台北標準時間,-48.2,,-48.2,100.0,84.8,,12.3,2.8
D,121,2022-07-01,15:47:00,台北標準時間,-48.2,,-48.2,100.0,84.8,,12.3,2.6
D,121,2022-07-01,15:48:00,台北標準時間,-48.1,,-48.1,100.0,84.6,,12.3,3.1
D,121,2022-07-01,15:49:00,台北標準時間,-48.1,,-48.1,100.0,84.7,,12.3,2.8
D,121,2022-07-01,15:50:00,台北標準時間,-48.1,,-48.1,100.0,84.3,,12.3,2.7
D,121,2022-07-01,15:51:00,台北標準時間,-48.1,,-48.1,100.0,84.7,,12.3,2.5
D,121,2022-07-01,15:52:00,台北標準時間,-48.1,,-48.1,100.0,84.8,,12.3,3.1
D,121,2022-07-01,15:53:00,台北標準時間,-48.1,,-48.1,100.0,84.6,,12.3,3.0
D,121,2022-07-01,15:54:00,台北標準時間,-48.1,,-48.1,100.0,84.3,,12.3,2.9
D,121,2022-07-01,15:55:00,台北標準時間,-48.1,,-48.1,100.0,84.5,,12.3,2.8
D,121,2022-07-01,15:56:00,台北標準時間,-48.1,,-48.1,100.0,84.5,,12.3,2.8
D,121,2022-07-01,15:57:00,台北標準時間,-48.1,,-48.1,100.0,84.7,,12.3,3.1
D,121,2022-07-01,15:58:00,台北標準時間,-48.1,,-48.1,100.0,84.9,,12.3,2.6
D,121,2022-07-01,15:59:00,台北標準時間,-48.1,,-48.1,100.0,84.6,,12.3,2.9
D,121,2022-07-01,16:00:00,台北標準時間,-48.1,,-48.1,100.0,84.3,,12.3,2.8
D,121,2022-07-01,16:01:00,台北標準時間,-48.1,,-48.1,100.0,84.6,,12.3,2.9
D,121,2022-07-01,16:02:00,台北標準時間,-48.1,,-48.1,100.0,84.8,,12.3,2.6
D,121,2022-07-01,16:03:00,台北標準時間,-48.1,,-48.1,100.0,84.9,,12.3,2.7
D,121,2022-07-01,16:04:00,台北標準時間,-48.1,,-48.1,100.0,84.7,,12.3,2.7
D,121,2022-07-01,16:05:00,台北標準時間,-48.1,,-48.1,100.0,84.5,,12.2,3.1
D,121,2022-07-01,16:06:00,台北標準時間,-48.1,,-48.1,100.0,84.6,,12.3,2.7
D,121,2022-07-01,16:07:00,台北標準時間,-48.1,,-48.1,100.0,84.4,,12.3,2.6
D,121,2022-07-01,16:08:00,台北標準時間,-48.1,,-48.1,100.0,84.4,,12.3,3.0
D,121,2022-07-01,16:09:00,台北標準時間,-48.1,,-48.1,100.0,84.1,,12.3,2.8
D,121,2022-07-01,16:10:00,台北標準時間,-48.1,,-48.1,100.0,83.7,,12.3,3.1
D,121,2022-07-01,16:11:00,台北標準時間,-48.1,,-48.1,100.0,83.5,,12.3,3.1
D,121,2022-07-01,16:12:00,台北標準時間,-48.1,,-48.1,100.0,83.4,,12.2,2.8
D,121,2022-07-01,16:13:00,台北標準時間,-48.1,,-48.1,100.0,83.8,,12.3,2.7
D,121,2022-07-01,16:14:00,台北標準時間,-48.1,,-48.1,100.0,83.8,,12.3,3.1
D,121,2022-07-01,16:15:00,台北標準時間,-48.1,,-48.1,100.0,83.8,,12.3,2.6
D,121,2022-07-01,16:16:00,台北標準時間,-48.1,,-48.1,100.0,83.8,,12.2,2.9
D,121,2022-07-01,16:17:00,台北標準時間,-48.1,,-48.1,100.0,83.8,,12.3,2.8
D,121,2022-07-01,16:18:00,台北標準時間,-48.1,,-48.1,100.0,84.2,,12.3,2.6
D,121,2022-07-01,16:19:00,台北標準時間,-48.2,,-48.2,100.0,84.3,,12.3,3.1
D,121,2022-07-01,16:20:00,台北標準時間,-48.1,,-48.1,100.0,84.3,,12.3,2.9
D,121,2022-07-01,16:21:00,台北標準時間,-48.1,,-48.1,100.0,84.4,,12.3,2.7
D,121,2022-07-01,16:22:00,台北標準時間,-48.2,,-48.2,100.0,84.2,,12.3,2.7
D,121,2022-07-01,16:23:00,台北標準時間,-48.1,,-48.1,100.0,84.1,,12.3,2.7
D,121,2022-07-01,16:24:00,台北標準時間,-48.2,,-48.2,100.0,84.2,,12.3,2.8
D,121,2022-07-01,16:25:00,台北標準時間,-48.2,,-48.2,100.0,84.4,,12.3,2.7
D,121,2022-07-01,16:26:00,台北標準時間,-48.2,,-48.2,100.0,84.2,,12.3,2.9
D,121,2022-07-01,16:27:00,台北標準時間,-48.1,,-48.1,100.0,84.3,,12.3,2.9
D,121,2022-07-01,16:28:00,台北標準時間,-48.2,,-48.2,100.0,84.4,,12.3,2.9
D,121,2022-07-01,16:29:00,台北標準時間,-48.2,,-48.2,100.0,84.3,,12.3,2.7
D,121,2022-07-01,16:30:00,台北標準時間,-48.2,,-48.2,100.0,84.0,,12.3,3.0
D,121,2022-07-01,16:31:00,台北標準時間,-48.2,,-48.2,100.0,84.4,,12.3,2.7
D,121,2022-07-01,16:32:00,台北標準時間,-48.2,,-48.2,100.0,84.4,,12.3,2.8
D,121,2022-07-01,16:33:00,台北標準時間,-48.2,,-48.2,100.0,84.4,,12.3,2.7
D,121,2022-07-01,16:34:00,台北標準時間,-48.2,,-48.2,100.0,84.6,,12.3,3.0
D,121,2022-07-01,16:35:00,台北標準時間,-48.2,,-48.2,100.0,84.6,,12.3,3.4
D,121,2022-07-01,16:36:00,台北標準時間,-48.2,,-48.2,100.0,84.5,,12.3,2.7
D,121,2022-07-01,16:37:00,台北標準時間,-48.2,,-48.2,100.0,84.5,,12.3,3.0
D,121,2022-07-01,16:38:00,台北標準時間,-48.2,,-48.2,100.0,84.4,,12.3,3.0
D,121,2022-07-01,16:39:00,台北標準時間,-48.3,,-48.3,100.0,84.5,,12.3,2.6
D,121,2022-07-01,16:40:00,台北標準時間,-48.3,,-48.3,100.0,84.8,,12.3,2.8
D,121,2022-07-01,16:41:00,台北標準時間,-48.3,,-48.3,100.0,84.1,,12.3,2.8
D,121,2022-07-01,16:42:00,台北標準時間,-48.2,,-48.2,100.0,84.7,,12.3,3.0
D,121,2022-07-01,16:43:00,台北標準時間,-48.2,,-48.2,100.0,84.0,,12.3,2.7
D,121,2022-07-01,16:44:00,台北標準時間,-48.3,,-48.3,100.0,84.5,,12.3,2.7
D,121,2022-07-01,16:45:00,台北標準時間,-48.3,,-48.3,100.0,85.0,,12.3,3.2
D,121,2022-07-01,16:46:00,台北標準時間,-48.3,,-48.3,100.0,84.8,,12.3,3.1
D,121,2022-07-01,16:47:00,台北標準時間,-48.2,,-48.2,100.0,84.4,,12.3,2.9
D,121,2022-07-01,16:48:00,台北標準時間,-48.3,,-48.3,100.0,84.5,,12.3,2.7
D,121,2022-07-01,16:49:00,台北標準時間,-48.3,,-48.3,100.0,84.5,,12.3,3.4
D,121,2022-07-01,16:50:00,台北標準時間,-48.3,,-48.3,100.0,84.2,,12.3,3.4
D,121,2022-07-01,16:51:00,台北標準時間,-48.3,,-48.3,100.0,84.6,,12.3,3.0
D,121,2022-07-01,16:52:00,台北標準時間,-48.3,,-48.3,100.0,84.3,,12.3,3.2
D,121,2022-07-01,16:53:00,台北標準時間,-48.3,,-48.3,100.0,84.4,,12.3,2.9
D,121,2022-07-01,16:54:00,台北標準時間,-48.3,,-48.3,100.0,84.0,,12.3,2.9
D,121,2022-07-01,16:55:00,台北標準時間,-48.3,,-48.3,100.0,84.0,,12.3,3.0
D,121,2022-07-01,16:56:00,台北標準時間,-48.3,,-48.3,100.0,84.0,,12.3,3.2
D,121,2022-07-01,16:57:00,台北標準時間,-48.3,,-48.3,100.0,84.3,,12.3,3.1
D,121,2022-07-01,16:58:00,台北標準時間,-48.3,,-48.3,100.0,84.2,,12.3,3.2
D,121,2022-07-01,16:59:00,台北標準時間,-48.3,,-48.3,100.0,84.1,,12.3,3.2
D,121,2022-07-01,17:00:00,台北標準時間,-48.3,,-48.3,100.0,84.4,,12.3,2.8
D,121,2022-07-01,17:01:00,台北標準時間,-48.3,,-48.3,100.0,84.3,,12.3,3.4
D,121,2022-07-01,17:02:00,台北標準時間,-48.3,,-48.3,100.0,84.2,,12.2,2.8
D,121,2022-07-01,17:03:00,台北標準時間,-48.3,,-48.3,100.0,84.2,,12.3,3.3
